canonical_product_id,name,shop,category,group,episode_id,first_seen,last_seen,duration_hours,n_obs,original_price,promotion_price,discount_pct,saving
prod_045c026204368467,Сушильная машина Candy CSOE C10DG-07,holodilnik,электроника,бытовая техника,2,2026-09-17 15:05:38.922,2026-09-17 16:43:32.578,1.63,5,45999.0,41399.0,10.0,4600.0
prod_151fa2fa6821276c,Стиральная машина Stinol WSTS 510 B,holodilnik,электроника,бытовая техника,8,2026-09-17 16:33:31.796,2026-09-17 16:43:32.602,0.17,2,23990.0,20299.0,15.39,3691.0
prod_350ba040c014fdf1,Стиральная машина Gressel UWC301 белый,holodilnik,электроника,бытовая техника,24,2026-09-17 15:05:38.992,2026-09-17 16:43:32.607,1.63,5,33999.0,22299.0,34.41,11700.0
prod_3ba7a4f25eb86dba,Стиральная машина Haier HW70-BP12959AE,holodilnik,электроника,бытовая техника,29,2026-09-17 15:05:38.979,2026-09-17 16:43:32.596,1.63,5,50999.0,42499.0,16.67,8500.0
prod_41bfbe38feba5250,Стиральная машина Beko WRE6512ZAW,holodilnik,электроника,бытовая техника,32,2026-09-17 15:05:38.940,2026-09-17 16:43:32.584,1.63,5,28990.0,28699.0,1.0,291.0
prod_4481a3e65274398c,Стиральная машина Stinol WSTS 610 E,holodilnik,электроника,бытовая техника,35,2026-09-17 15:05:38.988,2026-09-17 16:43:32.605,1.63,5,25490.0,21299.0,16.44,4191.0
prod_607ae73404b90a7f,Стиральная машина Stinol WSTU 410 B,holodilnik,электроника,бытовая техника,51,2026-09-17 15:05:38.985,2026-09-17 16:43:32.603,1.63,5,22490.0,20499.0,8.85,1991.0
prod_6e5d8b4717e75beb,Стиральная машина Samsung WW60AG4S00CELD,holodilnik,электроника,бытовая техника,59,2026-09-17 16:33:31.792,2026-09-17 16:43:32.598,0.17,2,36990.0,34399.0,7.0,2591.0
prod_806189b4ec6b9264,Стиральная машина Candy Aquamatic Evo AQUE 1043D-07,holodilnik,электроника,бытовая техника,67,2026-09-17 15:05:39.007,2026-09-17 16:43:32.615,1.63,5,37999.0,29699.0,21.84,8300.0
prod_82bc7653e01f6c78,Стиральная машина Haier HW60-BP12919A,holodilnik,электроника,бытовая техника,68,2026-09-17 15:05:39.002,2026-09-17 16:43:32.613,1.63,5,43999.0,29199.0,33.64,14800.0
prod_9556119bda12f6fb,Стиральная машина Indesit IWSB 5105,holodilnik,электроника,бытовая техника,77,2026-09-17 15:05:38.937,2026-09-17 16:43:32.583,1.63,5,26490.0,24999.0,5.63,1491.0
prod_9ba3127f17ea5273,Стиральная машина Candy Smart Pro CSO34 106T1/2-07,holodilnik,электроника,бытовая техника,80,2026-09-17 15:05:38.996,2026-09-17 16:43:32.610,1.63,5,30999.0,23099.0,25.48,7900.0
prod_9cc6e469f8f36c55,Стиральная машина LG F2V3GS3W,holodilnik,электроника,бытовая техника,81,2026-09-17 15:05:38.972,2026-09-17 16:43:32.591,1.63,5,64890.0,53783.0,17.12,11107.0
prod_a136c0a7fa50949c,Стиральная машина Indesit BWSA 6109 WWV,holodilnik,электроника,бытовая техника,83,2026-09-17 15:05:39.014,2026-09-17 15:25:41.634,0.33,3,30990.0,30499.0,1.58,491.0
prod_a573c16f414bb51e,Стиральная машина Candy Smart Pro CSO4 107TB1/2-07,holodilnik,электроника,бытовая техника,84,2026-09-17 15:05:38.956,2026-09-17 16:43:32.588,1.63,5,32999.0,28799.0,12.73,4200.0
prod_af7525fc331e0488,Стиральная машина Gressel UBC301 серый,holodilnik,электроника,бытовая техника,91,2026-09-17 15:05:38.998,2026-09-17 16:43:32.611,1.63,5,38230.0,23299.0,39.06,14931.0
prod_1d885b0e2585992d,Карите Набор Маленькие радости,iledebeaute,косметика,подарочные наборы,14,2026-09-17 15:06:08.052,2026-09-17 16:37:09.230,1.52,4,2844.0,1706.0,40.01,1138.0
prod_292c0faabb283463,Sumptuous Extreme Mascara Тушь для ресниц,iledebeaute,косметика,декоративная косметика,19,2026-09-17 15:05:59.507,2026-09-17 16:37:01.840,1.52,4,5300.0,3180.0,40.0,2120.0
prod_2d3521aac6d1ac49,GOLDEN EYESHADOW PALETTE Палетка теней,iledebeaute,косметика,декоративная косметика,20,2026-09-17 15:05:53.936,2026-09-17 16:36:56.930,1.52,4,11210.0,7847.0,30.0,3363.0
prod_33074871efec343b,NUDE MINI Палетка теней,iledebeaute,косметика,декоративная косметика,23,2026-09-17 15:06:02.406,2026-09-17 16:37:04.319,1.52,4,4370.0,2185.0,50.0,2185.0
prod_4a0eda8918361861,Monsieur Big Mascara Тушь для ресниц,iledebeaute,косметика,декоративная косметика,38,2026-09-17 15:06:25.850,2026-09-17 16:37:23.910,1.52,4,5770.0,4327.0,25.01,1443.0
prod_4e7873c5011b15dc,DRAMA SIZED MASCARA Тушь с эффектом накладных ресниц,iledebeaute,косметика,декоративная косметика,39,2026-09-17 15:06:30.797,2026-09-17 16:37:29.116,1.52,4,2800.0,1260.0,55.0,1540.0
prod_598e9167c0fb37ad,Defy Дезодорант,iledebeaute,косметика,парфюмерия,45,2026-09-17 15:06:33.352,2026-09-17 16:37:31.863,1.52,4,3670.0,2385.0,35.01,1285.0
prod_6fae1d12871bd861,Lotion Tonique Hydratante Увлажняющий тоник для нормальной и сухой кожи,iledebeaute,косметика,не распознано,61,2026-09-17 15:06:13.342,2026-09-17 16:37:14.183,1.52,4,3200.0,2240.0,30.0,960.0
prod_7d11e51f7aad2c8f,FLAMINGO BLUSH Набор для макияжа,iledebeaute,косметика,декоративная косметика,66,2026-09-17 15:05:51.198,2026-09-17 16:36:54.333,1.52,4,4990.0,499.0,90.0,4491.0
prod_837c5d0c20295595,Irresistible Nude Velvet Парфюмерная вода,iledebeaute,косметика,парфюмерия,69,2026-09-17 15:06:10.751,2026-09-17 16:37:11.758,1.52,4,13680.0,9579.0,29.98,4101.0
prod_8a96220ea04780da,Lash Power Mascara Тушь для ресниц,iledebeaute,косметика,декоративная косметика,70,2026-09-17 15:06:23.298,2026-09-17 16:37:21.478,1.52,4,4150.0,2490.0,40.0,1660.0
prod_9265205e23e5e3e9,HD SKIN ALL IN ONE Многофункциональная палетка для лица,iledebeaute,косметика,декоративная косметика,73,2026-09-17 15:05:45.596,2026-09-17 16:36:49.552,1.52,4,8950.0,7607.0,15.01,1343.0
prod_948ca9a1e2f772d6,Вербена Новогодний набор,iledebeaute,косметика,подарочные наборы,75,2026-09-17 15:06:35.877,2026-09-17 16:37:34.289,1.52,4,1698.0,1018.0,40.05,680.0
prod_ab32afea7ec88242,VELVET DANCE Туалетная вода,iledebeaute,косметика,парфюмерия,87,2026-09-17 15:05:56.631,2026-09-17 16:36:59.354,1.52,4,950.0,760.0,20.0,190.0
prod_ad82533ff733df92,Vita C Plus Маска для лица тканевая с липосомальным витамином С для сияния кожи и борьбы с пигментацией,iledebeaute,косметика,уход за лицом,90,2026-09-17 15:06:16.207,2026-09-17 16:37:16.636,1.52,4,690.0,441.0,36.09,249.0
prod_03ac60309d251b00,"Набор подарочный M&M'S & FRIENDS Снова в школу, карандаш , 116г",lenta,косметика,подарочные наборы,1,2026-09-17 14:43:29.554,2026-09-17 16:37:21.128,1.9,6,252.69,169.99,32.73,82.7
prod_1a3ca9025ba79f64,"Гель для душа SOKOLOV Black Pepper&Tonka , 400мл",lenta,косметика,уход за телом,12,2026-09-17 14:44:29.635,2026-09-17 16:38:11.063,1.89,6,273.69,159.99,41.54,113.7
prod_27ddb5693e7ad6b5,"Паштет шпротный , 160г",lenta,продукты,готовая кулинария и консервы,17,2026-09-17 14:43:26.704,2026-09-17 16:37:17.955,1.9,6,45.29,42.99,5.08,2.3
prod_2fc96355426d7093,"Салат Филадельфия с филе‑кусочками форели радужной слабосоленой РЕСТО ШИК , 180г",lenta,продукты,готовая кулинария и консервы,22,2026-09-17 14:44:03.914,2026-09-17 16:37:49.937,1.9,5,136.89,129.99,5.04,6.9
prod_3957c8186b2f7154,"Зубная щетка JUICY LAB Magic Brush с ионами серебра, мягкая , 1 шт",lenta,косметика,гигиена,26,2026-09-17 14:43:36.381,2026-09-17 16:37:26.697,1.9,6,357.89,199.99,44.12,157.9
prod_3af860672ce20643,"Шампунь для волос SOKOLOV Dark Cherry&Almond, для восстановления , 750мл",lenta,косметика,уход за волосами,28,2026-09-17 14:43:42.820,2026-09-17 16:37:32.144,1.9,6,2104.22,549.99,73.86,1554.23
prod_48985ffef0f3b816,"Горбуша натуральная , 240г",lenta,продукты,готовая кулинария и консервы,37,2026-09-17 14:43:23.670,2026-09-17 16:37:14.931,1.9,6,178.99,169.99,5.03,9.0
prod_5406ca549009b3b9,"Шампунь для волос SOKOLOV Basil&Mandarin, для объема волос , 750 мл",lenta,косметика,уход за волосами,42,2026-09-17 14:43:39.605,2026-09-17 16:37:29.391,1.9,6,2104.22,549.99,73.86,1554.23
prod_5730126abeae7fd8,"Гель для душа SOKOLOV Basil&Mandarin , 400мл",lenta,косметика,уход за телом,43,2026-09-17 14:44:22.977,2026-09-17 16:38:08.085,1.9,6,273.69,159.99,41.54,113.7
prod_5ce5cda4f9a38006,"Филе куриное в хрустящей корочке с кисло‑сладким соусом РЕСТО ШИК , 200г",lenta,продукты,готовая кулинария и консервы,49,2026-09-17 14:44:12.827,2026-09-17 16:37:58.834,1.9,5,199.99,189.99,5.0,10.0
prod_693e94418bf94ca0,"Мармелад жевательный ORION Tinglezz со вкусом колы и лайма , 75г",lenta,продукты,кондитерские изделия,56,2026-09-17 14:43:50.651,2026-09-17 16:37:37.960,1.9,5,315.79,254.99,19.25,60.8
prod_6d4ca4b35f51aeed,"Яйцо шоколадное MEGA SECRET Пираты-прилипалы , 20г",lenta,продукты,кондитерские изделия,57,2026-09-17 14:44:00.680,2026-09-17 16:37:46.862,1.9,5,61.09,49.99,18.17,11.1
prod_937bca8189695718,"Гель для душа SOKOLOV Dark Cherry&Almond , 400мл",lenta,косметика,уход за телом,74,2026-09-17 14:44:19.939,2026-09-17 16:38:05.225,1.9,5,273.69,159.99,41.54,113.7
prod_097c0e99025cb27c,"Скраб для тела Synergetic карамельное яблоко и ваниль, 300 мл",magnit,косметика,уход за телом,5,2026-09-17 14:43:16.373,2026-09-17 16:41:13.542,1.97,7,499.99,369.99,26.0,130.0
prod_17100641c1eedf94,"Чипсы Lays, в ассортименте, 225 г",magnit,продукты,снеки и сухие завтраки,11,2026-09-17 14:43:16.359,2026-09-17 16:41:13.536,1.97,7,279.99,244.99,12.5,35.0
prod_28af3758572fbd36,"Скраб для тела Synergetic Эластичность и сияние кожи, сандал и ягоды можжевельника, 300 мл",magnit,косметика,уход за телом,18,2026-09-17 14:43:16.367,2026-09-17 16:41:13.539,1.97,7,499.99,387.99,22.4,112.0
prod_45b70ae1eeb2d76e,"Мармелад жевательный Juuums вкус клубника со сливками, 80 г",magnit,продукты,кондитерские изделия,36,2026-09-17 14:43:16.352,2026-09-17 16:41:13.532,1.97,7,119.99,99.99,16.67,20.0
prod_50cc7f7a7b86f7ab,"Стакан для ванной Wellfort, стекло Bohemian",magnit,прочее,хозтовары,41,2026-09-17 14:43:16.355,2026-09-17 16:41:13.534,1.97,7,179.99,129.99,27.78,50.0
prod_5905c453c9877f8d,"Мороженое Свитлогорье эскимо с драже «Неон» и взрывной карамелью 12%, 80 г",magnit,продукты,мороженое,44,2026-09-17 14:43:16.349,2026-09-17 16:41:13.531,1.97,7,184.99,119.99,35.14,65.0
prod_5a544d6968ced320,"Мыльница Wellfort, стекло Bohemian",magnit,прочее,хозтовары,46,2026-09-17 14:43:16.354,2026-09-17 16:41:13.533,1.97,7,149.99,99.99,33.34,50.0
prod_5be826adba03ccc0,"Мороженое Bahroma пломбир шоколадный чизкейк, черное печенье 12%, 320 г",magnit,продукты,мороженое,47,2026-09-17 14:43:16.339,2026-09-17 16:41:13.527,1.97,7,769.99,499.99,35.07,270.0
prod_5c6a64bbe3f7cd80,"Скраб для тела Synergetic антицеллюлитный Пачули и ароматный бергамот, 300 мл",magnit,косметика,уход за телом,48,2026-09-17 14:43:16.375,2026-09-17 16:41:13.543,1.97,7,499.99,369.99,26.0,130.0
prod_61c4d629aa2094af,"Скраб для тела Рецепты бабушки Агафьи морошка на сахаре, 300 мл",magnit,косметика,уход за телом,52,2026-09-17 14:43:16.365,2026-09-17 16:41:13.538,1.97,7,229.99,199.99,13.04,30.0
prod_63824390026c58c5,"Скраб для тела Synergetic Цветущий инжир и лотос, 300 мл",magnit,косметика,уход за телом,53,2026-09-17 14:43:16.369,2026-09-17 16:41:13.540,1.97,7,499.99,387.99,22.4,112.0
prod_754459bb5e9acffc,"Мороженое Коровка из Кореновки Фисташковое пралине с макаронс и миндалем 15%, 300 г",magnit,продукты,мороженое,64,2026-09-17 14:43:16.337,2026-09-17 16:41:13.527,1.97,7,599.99,449.99,25.0,150.0
prod_a68ca3d4b6d009a6,"Фитобальзам Чистая линия повышающий упругость тела, 200 мл",magnit,косметика,уход за телом,85,2026-09-17 14:43:16.360,2026-09-17 16:41:13.536,1.97,7,309.99,264.99,14.52,45.0
prod_b3d62f832d62098d,"Скраб для тела Черный жемчуг Идеальная кожа, 200 мл",magnit,косметика,уход за телом,94,2026-09-17 14:43:16.363,2026-09-17 15:03:19.686,0.33,3,529.99,389.99,26.42,140.0
prod_15734fa5f632edae,Шнек (300х800 мм) для бензобура Gigant 12-010,mvideo,прочее,авто и мото,9,2026-09-17 14:43:17.178,2026-09-17 16:41:24.868,1.97,7,12431.0,9547.0,23.2,2884.0
prod_1ce85aaf7ae3a9d6,"Обложка для автодокументов Staff полиуретан под кожу, Автодокументы, коричневая, 237598",mvideo,прочее,авто и мото,13,2026-09-17 14:43:17.140,2026-09-17 16:41:24.857,1.97,7,580.0,277.0,52.24,303.0
prod_203c8a6b8f2a2852,Килт банный для мужчин Everliness Килт махровый мужской с вышивкой,mvideo,прочее,хозтовары,15,2026-09-17 14:43:17.138,2026-09-17 16:41:24.856,1.97,7,2500.0,1707.0,31.72,793.0
prod_3990e343bc29ca7a,Аксессуар для дайвинга DJI Комплект для дайвинга Osmo Action Diving Accessory Kit,mvideo,прочее,спорт и отдых,27,2026-09-17 14:43:17.161,2026-09-17 16:41:24.864,1.97,7,12318.0,7025.0,42.97,5293.0
prod_41f71a665d573856,"Лодочный мотор MARLIN MP 9.9 (15) AMHS, двухтактный, бензиновый",mvideo,прочее,авто и мото,33,2026-09-17 14:43:17.130,2026-09-17 16:41:24.852,1.97,7,131200.0,122496.0,6.63,8704.0
prod_4fe7d8e5bcf10870,"Матрасик для пеленания на кроватку Mr Sandman, доска пеленальная на комод, 68х47 см, от 0 до 6 месяцев.",mvideo,прочее,товары для детей,40,2026-09-17 14:43:17.143,2026-09-17 16:41:24.859,1.97,7,5000.0,2792.0,44.16,2208.0
prod_602bc172f7aca7a4,Мяч гимнастический фитбол 75 см,mvideo,прочее,спорт и отдых,50,2026-09-17 14:43:17.137,2026-09-17 16:41:24.855,1.97,7,3311.0,2016.0,39.11,1295.0
prod_65050a5317e73975,Фартук рабочий ProfiCool Непромокаемый фартук профессиональный для работы,mvideo,прочее,хозтовары,55,2026-09-17 14:43:17.146,2026-09-17 16:41:24.861,1.97,7,2682.0,1103.0,58.87,1579.0
prod_6f685630f66e9218,Погремушка ND Play Веселый кролик NDT-004,mvideo,прочее,товары для детей,60,2026-09-17 14:43:17.124,2026-09-17 16:41:24.849,1.97,7,860.0,824.0,4.19,36.0
prod_74b2d50e138d2d0a,Шина для мотоциклов Anlas Capra-R 100/90-19 57H,mvideo,прочее,авто и мото,63,2026-09-17 14:43:17.133,2026-09-17 16:41:24.853,1.97,7,18500.0,14784.0,20.09,3716.0
prod_7b32c23583c4f079,Фетальный допплер для беременных домашний,mvideo,электроника,электроника,65,2026-09-17 14:43:17.148,2026-09-17 16:41:24.862,1.97,7,3500.0,1381.0,60.54,2119.0
prod_8bf6bbd403655071,Машина отрезная прямая пневматическая Concorde композитная CD-SG20000C,mvideo,прочее,авто и мото,71,2026-09-17 14:43:17.141,2026-09-17 16:41:24.858,1.97,7,8722.0,2169.0,75.13,6553.0
prod_90aa2d1be4893a8f,"Противень для духовки MEFERI BT01 65 л 478 x 365 x 31 , глубокий",mvideo,электроника,бытовая техника,72,2026-09-17 14:43:17.129,2026-09-17 16:41:24.851,1.97,7,3205.0,2399.0,25.15,806.0
prod_9540ca69ed79ba3c,Ходунки для малыша Solmax SM99817,mvideo,прочее,товары для детей,76,2026-09-17 14:43:17.164,2026-09-17 16:41:24.865,1.97,7,7137.0,4635.0,35.06,2502.0
prod_957e3455206ef383,Преобразователь сигнала с высокого уровня на RCA DL Audio Phoenix Sport High Level to RCA Converter 6ch,mvideo,электроника,электроника,78,2026-09-17 14:43:17.136,2026-09-17 16:41:24.854,1.97,7,4470.0,4076.0,8.81,394.0
prod_a718280b1b4d1084,MK3106 Переходник 1/4 DR (квадрат) — 1/4 HEX (шестигранник) (10шт) MKSS,mvideo,прочее,инструменты,86,2026-09-17 14:43:17.144,2026-09-17 16:41:24.860,1.97,7,999.0,901.0,9.81,98.0
prod_aba138b9ffa26ebf,"Amarancho Гранола без сахара шоколадная с амарантом, 270 гр",mvideo,продукты,снеки и сухие завтраки,89,2026-09-17 14:43:17.167,2026-09-17 16:41:24.866,1.97,7,490.0,469.0,4.29,21.0
prod_b12b5621b7e3f2e3,Шина для мотоциклов CST CM742 140/80 R18 70M (Задняя),mvideo,прочее,авто и мото,92,2026-09-17 14:43:17.134,2026-09-17 16:41:24.854,1.97,7,5000.0,3936.0,21.28,1064.0
prod_b24e820895125a81,"Amarancho Амарантовая мука без глютена для выпечки, 400 гр",mvideo,продукты,снеки и сухие завтраки,93,2026-09-17 14:43:17.170,2026-09-17 16:41:24.867,1.97,7,350.0,335.0,4.29,15.0
prod_04b19f1beb03ccbb,"Тушь для ресниц `LUXVISAGE` XXL суперобъем, эффект накладных ресниц (черная)",podruzhka,косметика,декоративная косметика,3,2026-09-17 15:05:41.608,2026-09-17 16:33:44.878,1.47,4,527.0,233.0,55.79,294.0
prod_06dce203f1fba742,Тонер для лица `CELIMAX` DUAL BARRIER кремовый с комплексом керамидов (укрепляющий и питательный) 150 мл,podruzhka,косметика,уход за лицом,4,2026-09-17 15:05:41.620,2026-09-17 16:33:44.882,1.47,4,2540.0,1180.0,53.54,1360.0
prod_0d2ec11672692d85,Мицеллярная вода `EVELINE` FACEMED+ 3 в 1 гиалуроновая 750 мл,podruzhka,косметика,уход за лицом,6,2026-09-17 15:05:41.615,2026-09-17 16:33:44.880,1.47,4,714.0,464.0,35.01,250.0
prod_115fd3949eb2ff10,Сыворотка для лица `CELIMAX` THE VITA A с ретинолом и микроиглами (подтягивающая) 30 мл,podruzhka,косметика,уход за лицом,7,2026-09-17 15:05:41.619,2026-09-17 16:33:44.881,1.47,4,2990.0,1116.0,62.68,1874.0
prod_15d9f45dda95469f,Пенка для умывания `MIXIT` `LAB` WOW MOISTURE с мочевиной и гиалуроновой кислотой (экстраувляжняющая) 200 мл,podruzhka,косметика,уход за лицом,10,2026-09-17 15:05:45.835,2026-09-17 16:33:47.596,1.47,4,538.0,287.0,46.65,251.0
prod_206d158aa149d5f8,Тонер-пэды для лица `DR. ALTHEA` ANASTATICA SKIN CONDITIONING PAD увлажняющие с экстрактом иерихонской розы 65 шт,podruzhka,косметика,уход за лицом,16,2026-09-17 15:05:41.613,2026-09-17 16:33:44.879,1.47,4,3152.0,2679.0,15.01,473.0
prod_2eca1dfabfaa0852,Пудра для лица `MIXIT` MINERAL POWDER фиксирующая минеральная,podruzhka,косметика,декоративная косметика,21,2026-09-17 15:05:45.833,2026-09-17 16:33:47.595,1.47,4,978.0,451.0,53.89,527.0
prod_37c024a322f359f8,Сыворотка для кожи вокруг глаз `AXIS-Y` с гиалуроновой кислотой и комплексом пептидов 10 мл,podruzhka,косметика,уход за лицом,25,2026-09-17 15:05:41.608,2026-09-17 16:33:44.878,1.47,4,2745.0,1177.0,57.12,1568.0
prod_3c135266f5461fc2,Пенка для умывания `CELIMAX` слабокислотная 150 мл,podruzhka,косметика,уход за лицом,30,2026-09-17 15:05:45.834,2026-09-17 16:33:47.596,1.47,4,1780.0,567.0,68.15,1213.0
prod_3d7726d106d507bd,Крем для лица `NSC` ниацинамид глубокое восстановление и сияние кожи с витамином C 120 мл,podruzhka,косметика,уход за лицом,31,2026-09-17 15:05:45.838,2026-09-17 16:33:47.597,1.47,4,679.0,420.0,38.14,259.0
prod_4332e8cee8b3ede7,Ампула для лица `COSNORI` PANTHE-SHOT 675 с пантенолом и микроиглами 50 мл,podruzhka,косметика,уход за лицом,34,2026-09-17 15:05:41.617,2026-09-17 16:33:44.881,1.47,4,2790.0,1674.0,40.0,1116.0
prod_648d04b3570c1067,Крем-спрей для волос `MIXIT` RE:START многофункциональный 15в1 250 мл,podruzhka,косметика,уход за волосами,54,2026-09-17 15:05:45.837,2026-09-17 16:33:47.596,1.47,4,528.0,271.0,48.67,257.0
prod_6e4f288a9869d9a2,Сыворотка для лица `DR. ALTHEA` SKIN RELIEF ESSENCE успокаивающая против несовершенств 30 мл,podruzhka,косметика,уход за лицом,58,2026-09-17 15:05:45.832,2026-09-17 16:33:47.595,1.47,4,1785.0,1320.0,26.05,465.0
prod_6fe50946c0cfb29b,Гель-ламинатор для бровей `LUXVISAGE` BROW LAMINATOR суперсильной фиксации тон Бесцветный,podruzhka,косметика,декоративная косметика,62,2026-09-17 15:05:41.614,2026-09-17 16:33:44.880,1.47,4,411.0,226.0,45.01,185.0
prod_9affb241853e49ab,Сыворотка для лица `CELIMAX` с экстрактом нони (питательная) 30 мл,podruzhka,косметика,уход за лицом,79,2026-09-17 15:05:41.610,2026-09-17 16:33:44.878,1.47,4,3765.0,642.0,82.95,3123.0
prod_9f8be59d8f551795,Крем для лица `DR. ALTHEA` 345 RELIEF успокаивающий с ресвератролом 50 мл,podruzhka,косметика,уход за лицом,82,2026-09-17 15:05:41.618,2026-09-17 16:33:44.881,1.47,4,3458.0,2829.0,18.19,629.0
prod_ab4d5c21c5a5bedc,Крем для лица `DR. ALTHEA` 147 BARRIER успокаивающий 50 мл,podruzhka,косметика,уход за лицом,88,2026-09-17 15:05:41.614,2026-09-17 16:33:44.880,1.47,4,3458.0,2218.0,35.86,1240.0
