canonical_product_id,shop,name,category,group,n_episodes,n_price_states,first_seen,last_seen,promo_hours,median_discount,max_discount,min_price,max_price,observed_hours,promo_days,price_spread_pct
prod_03ac60309d251b00,lenta,"Набор подарочный M&M'S & FRIENDS Снова в школу, карандаш , 116г",косметика,подарочные наборы,1,1,2026-09-17 14:43:29.554,2026-09-17 16:37:21.128,1.9,32.73,32.73,169.99,169.99,1.9,0.08,0.0
prod_045c026204368467,holodilnik,Сушильная машина Candy CSOE C10DG-07,электроника,бытовая техника,1,1,2026-09-17 15:05:38.922,2026-09-17 16:43:32.578,1.63,10.0,10.0,41399.0,41399.0,1.63,0.07,0.0
prod_04b19f1beb03ccbb,podruzhka,"Тушь для ресниц `LUXVISAGE` XXL суперобъем, эффект накладных ресниц (черная)",косметика,декоративная косметика,1,1,2026-09-17 15:05:41.608,2026-09-17 16:33:44.878,1.47,55.79,55.79,233.0,233.0,1.47,0.06,0.0
prod_06dce203f1fba742,podruzhka,Тонер для лица `CELIMAX` DUAL BARRIER кремовый с комплексом керамидов (укрепляющий и питательный) 150 мл,косметика,уход за лицом,1,1,2026-09-17 15:05:41.620,2026-09-17 16:33:44.882,1.47,53.54,53.54,1180.0,1180.0,1.47,0.06,0.0
prod_097c0e99025cb27c,magnit,"Скраб для тела Synergetic карамельное яблоко и ваниль, 300 мл",косметика,уход за телом,1,1,2026-09-17 14:43:16.373,2026-09-17 16:41:13.542,1.97,26.0,26.0,369.99,369.99,1.97,0.08,0.0
prod_0d2ec11672692d85,podruzhka,Мицеллярная вода `EVELINE` FACEMED+ 3 в 1 гиалуроновая 750 мл,косметика,уход за лицом,1,1,2026-09-17 15:05:41.615,2026-09-17 16:33:44.880,1.47,35.01,35.01,464.0,464.0,1.47,0.06,0.0
prod_115fd3949eb2ff10,podruzhka,Сыворотка для лица `CELIMAX` THE VITA A с ретинолом и микроиглами (подтягивающая) 30 мл,косметика,уход за лицом,1,1,2026-09-17 15:05:41.619,2026-09-17 16:33:44.881,1.47,62.68,62.68,1116.0,1116.0,1.47,0.06,0.0
prod_151fa2fa6821276c,holodilnik,Стиральная машина Stinol WSTS 510 B,электроника,бытовая техника,1,1,2026-09-17 16:33:31.796,2026-09-17 16:43:32.602,0.17,15.39,15.39,20299.0,20299.0,0.17,0.01,0.0
prod_15734fa5f632edae,mvideo,Шнек (300х800 мм) для бензобура Gigant 12-010,прочее,авто и мото,1,1,2026-09-17 14:43:17.178,2026-09-17 16:41:24.868,1.97,23.2,23.2,9547.0,9547.0,1.97,0.08,0.0
prod_15d9f45dda95469f,podruzhka,Пенка для умывания `MIXIT` `LAB` WOW MOISTURE с мочевиной и гиалуроновой кислотой (экстраувляжняющая) 200 мл,косметика,уход за лицом,1,1,2026-09-17 15:05:45.835,2026-09-17 16:33:47.596,1.47,46.65,46.65,287.0,287.0,1.47,0.06,0.0
prod_17100641c1eedf94,magnit,"Чипсы Lays, в ассортименте, 225 г",продукты,снеки и сухие завтраки,1,1,2026-09-17 14:43:16.359,2026-09-17 16:41:13.536,1.97,12.5,12.5,244.99,244.99,1.97,0.08,0.0
prod_1a3ca9025ba79f64,lenta,"Гель для душа SOKOLOV Black Pepper&Tonka , 400мл",косметика,уход за телом,1,1,2026-09-17 14:44:29.635,2026-09-17 16:38:11.063,1.89,41.54,41.54,159.99,159.99,1.89,0.08,0.0
prod_1ce85aaf7ae3a9d6,mvideo,"Обложка для автодокументов Staff полиуретан под кожу, Автодокументы, коричневая, 237598",прочее,авто и мото,1,1,2026-09-17 14:43:17.140,2026-09-17 16:41:24.857,1.97,52.24,52.24,277.0,277.0,1.97,0.08,0.0
prod_1d885b0e2585992d,iledebeaute,Карите Набор Маленькие радости,косметика,подарочные наборы,1,1,2026-09-17 15:06:08.052,2026-09-17 16:37:09.230,1.52,40.01,40.01,1706.0,1706.0,1.52,0.06,0.0
prod_203c8a6b8f2a2852,mvideo,Килт банный для мужчин Everliness Килт махровый мужской с вышивкой,прочее,хозтовары,1,1,2026-09-17 14:43:17.138,2026-09-17 16:41:24.856,1.97,31.72,31.72,1707.0,1707.0,1.97,0.08,0.0
prod_206d158aa149d5f8,podruzhka,Тонер-пэды для лица `DR. ALTHEA` ANASTATICA SKIN CONDITIONING PAD увлажняющие с экстрактом иерихонской розы 65 шт,косметика,уход за лицом,1,1,2026-09-17 15:05:41.613,2026-09-17 16:33:44.879,1.47,15.01,15.01,2679.0,2679.0,1.47,0.06,0.0
prod_27ddb5693e7ad6b5,lenta,"Паштет шпротный , 160г",продукты,готовая кулинария и консервы,1,1,2026-09-17 14:43:26.704,2026-09-17 16:37:17.955,1.9,5.08,5.08,42.99,42.99,1.9,0.08,0.0
prod_28af3758572fbd36,magnit,"Скраб для тела Synergetic Эластичность и сияние кожи, сандал и ягоды можжевельника, 300 мл",косметика,уход за телом,1,1,2026-09-17 14:43:16.367,2026-09-17 16:41:13.539,1.97,22.4,22.4,387.99,387.99,1.97,0.08,0.0
prod_292c0faabb283463,iledebeaute,Sumptuous Extreme Mascara Тушь для ресниц,косметика,декоративная косметика,1,1,2026-09-17 15:05:59.507,2026-09-17 16:37:01.840,1.52,40.0,40.0,3180.0,3180.0,1.52,0.06,0.0
prod_2d3521aac6d1ac49,iledebeaute,GOLDEN EYESHADOW PALETTE Палетка теней,косметика,декоративная косметика,1,1,2026-09-17 15:05:53.936,2026-09-17 16:36:56.930,1.52,30.0,30.0,7847.0,7847.0,1.52,0.06,0.0
prod_2eca1dfabfaa0852,podruzhka,Пудра для лица `MIXIT` MINERAL POWDER фиксирующая минеральная,косметика,декоративная косметика,1,1,2026-09-17 15:05:45.833,2026-09-17 16:33:47.595,1.47,53.89,53.89,451.0,451.0,1.47,0.06,0.0
prod_2fc96355426d7093,lenta,"Салат Филадельфия с филе‑кусочками форели радужной слабосоленой РЕСТО ШИК , 180г",продукты,готовая кулинария и консервы,1,1,2026-09-17 14:44:03.914,2026-09-17 16:37:49.937,1.9,5.04,5.04,129.99,129.99,1.9,0.08,0.0
prod_33074871efec343b,iledebeaute,NUDE MINI Палетка теней,косметика,декоративная косметика,1,1,2026-09-17 15:06:02.406,2026-09-17 16:37:04.319,1.52,50.0,50.0,2185.0,2185.0,1.52,0.06,0.0
prod_350ba040c014fdf1,holodilnik,Стиральная машина Gressel UWC301 белый,электроника,бытовая техника,1,1,2026-09-17 15:05:38.992,2026-09-17 16:43:32.607,1.63,34.41,34.41,22299.0,22299.0,1.63,0.07,0.0
prod_37c024a322f359f8,podruzhka,Сыворотка для кожи вокруг глаз `AXIS-Y` с гиалуроновой кислотой и комплексом пептидов 10 мл,косметика,уход за лицом,1,1,2026-09-17 15:05:41.608,2026-09-17 16:33:44.878,1.47,57.12,57.12,1177.0,1177.0,1.47,0.06,0.0
prod_3957c8186b2f7154,lenta,"Зубная щетка JUICY LAB Magic Brush с ионами серебра, мягкая , 1 шт",косметика,гигиена,1,1,2026-09-17 14:43:36.381,2026-09-17 16:37:26.697,1.9,44.12,44.12,199.99,199.99,1.9,0.08,0.0
prod_3990e343bc29ca7a,mvideo,Аксессуар для дайвинга DJI Комплект для дайвинга Osmo Action Diving Accessory Kit,прочее,спорт и отдых,1,1,2026-09-17 14:43:17.161,2026-09-17 16:41:24.864,1.97,42.97,42.97,7025.0,7025.0,1.97,0.08,0.0
prod_3af860672ce20643,lenta,"Шампунь для волос SOKOLOV Dark Cherry&Almond, для восстановления , 750мл",косметика,уход за волосами,1,1,2026-09-17 14:43:42.820,2026-09-17 16:37:32.144,1.9,73.86,73.86,549.99,549.99,1.9,0.08,0.0
prod_3ba7a4f25eb86dba,holodilnik,Стиральная машина Haier HW70-BP12959AE,электроника,бытовая техника,1,1,2026-09-17 15:05:38.979,2026-09-17 16:43:32.596,1.63,16.67,16.67,42499.0,42499.0,1.63,0.07,0.0
prod_3c135266f5461fc2,podruzhka,Пенка для умывания `CELIMAX` слабокислотная 150 мл,косметика,уход за лицом,1,1,2026-09-17 15:05:45.834,2026-09-17 16:33:47.596,1.47,68.15,68.15,567.0,567.0,1.47,0.06,0.0
prod_3d7726d106d507bd,podruzhka,Крем для лица `NSC` ниацинамид глубокое восстановление и сияние кожи с витамином C 120 мл,косметика,уход за лицом,1,1,2026-09-17 15:05:45.838,2026-09-17 16:33:47.597,1.47,38.14,38.14,420.0,420.0,1.47,0.06,0.0
prod_41bfbe38feba5250,holodilnik,Стиральная машина Beko WRE6512ZAW,электроника,бытовая техника,1,1,2026-09-17 15:05:38.940,2026-09-17 16:43:32.584,1.63,1.0,1.0,28699.0,28699.0,1.63,0.07,0.0
prod_41f71a665d573856,mvideo,"Лодочный мотор MARLIN MP 9.9 (15) AMHS, двухтактный, бензиновый",прочее,авто и мото,1,1,2026-09-17 14:43:17.130,2026-09-17 16:41:24.852,1.97,6.63,6.63,122496.0,122496.0,1.97,0.08,0.0
prod_4332e8cee8b3ede7,podruzhka,Ампула для лица `COSNORI` PANTHE-SHOT 675 с пантенолом и микроиглами 50 мл,косметика,уход за лицом,1,1,2026-09-17 15:05:41.617,2026-09-17 16:33:44.881,1.47,40.0,40.0,1674.0,1674.0,1.47,0.06,0.0
prod_4481a3e65274398c,holodilnik,Стиральная машина Stinol WSTS 610 E,электроника,бытовая техника,1,1,2026-09-17 15:05:38.988,2026-09-17 16:43:32.605,1.63,16.44,16.44,21299.0,21299.0,1.63,0.07,0.0
prod_45b70ae1eeb2d76e,magnit,"Мармелад жевательный Juuums вкус клубника со сливками, 80 г",продукты,кондитерские изделия,1,1,2026-09-17 14:43:16.352,2026-09-17 16:41:13.532,1.97,16.67,16.67,99.99,99.99,1.97,0.08,0.0
prod_48985ffef0f3b816,lenta,"Горбуша натуральная , 240г",продукты,готовая кулинария и консервы,1,1,2026-09-17 14:43:23.670,2026-09-17 16:37:14.931,1.9,5.03,5.03,169.99,169.99,1.9,0.08,0.0
prod_4a0eda8918361861,iledebeaute,Monsieur Big Mascara Тушь для ресниц,косметика,декоративная косметика,1,1,2026-09-17 15:06:25.850,2026-09-17 16:37:23.910,1.52,25.01,25.01,4327.0,4327.0,1.52,0.06,0.0
prod_4e7873c5011b15dc,iledebeaute,DRAMA SIZED MASCARA Тушь с эффектом накладных ресниц,косметика,декоративная косметика,1,1,2026-09-17 15:06:30.797,2026-09-17 16:37:29.116,1.52,55.0,55.0,1260.0,1260.0,1.52,0.06,0.0
prod_4fe7d8e5bcf10870,mvideo,"Матрасик для пеленания на кроватку Mr Sandman, доска пеленальная на комод, 68х47 см, от 0 до 6 месяцев.",прочее,товары для детей,1,1,2026-09-17 14:43:17.143,2026-09-17 16:41:24.859,1.97,44.16,44.16,2792.0,2792.0,1.97,0.08,0.0
prod_50cc7f7a7b86f7ab,magnit,"Стакан для ванной Wellfort, стекло Bohemian",прочее,хозтовары,1,1,2026-09-17 14:43:16.355,2026-09-17 16:41:13.534,1.97,27.78,27.78,129.99,129.99,1.97,0.08,0.0
prod_5406ca549009b3b9,lenta,"Шампунь для волос SOKOLOV Basil&Mandarin, для объема волос , 750 мл",косметика,уход за волосами,1,1,2026-09-17 14:43:39.605,2026-09-17 16:37:29.391,1.9,73.86,73.86,549.99,549.99,1.9,0.08,0.0
prod_5730126abeae7fd8,lenta,"Гель для душа SOKOLOV Basil&Mandarin , 400мл",косметика,уход за телом,1,1,2026-09-17 14:44:22.977,2026-09-17 16:38:08.085,1.9,41.54,41.54,159.99,159.99,1.9,0.08,0.0
prod_5905c453c9877f8d,magnit,"Мороженое Свитлогорье эскимо с драже «Неон» и взрывной карамелью 12%, 80 г",продукты,мороженое,1,1,2026-09-17 14:43:16.349,2026-09-17 16:41:13.531,1.97,35.14,35.14,119.99,119.99,1.97,0.08,0.0
prod_598e9167c0fb37ad,iledebeaute,Defy Дезодорант,косметика,парфюмерия,1,1,2026-09-17 15:06:33.352,2026-09-17 16:37:31.863,1.52,35.01,35.01,2385.0,2385.0,1.52,0.06,0.0
prod_5a544d6968ced320,magnit,"Мыльница Wellfort, стекло Bohemian",прочее,хозтовары,1,1,2026-09-17 14:43:16.354,2026-09-17 16:41:13.533,1.97,33.34,33.34,99.99,99.99,1.97,0.08,0.0
prod_5be826adba03ccc0,magnit,"Мороженое Bahroma пломбир шоколадный чизкейк, черное печенье 12%, 320 г",продукты,мороженое,1,1,2026-09-17 14:43:16.339,2026-09-17 16:41:13.527,1.97,35.07,35.07,499.99,499.99,1.97,0.08,0.0
prod_5c6a64bbe3f7cd80,magnit,"Скраб для тела Synergetic антицеллюлитный Пачули и ароматный бергамот, 300 мл",косметика,уход за телом,1,1,2026-09-17 14:43:16.375,2026-09-17 16:41:13.543,1.97,26.0,26.0,369.99,369.99,1.97,0.08,0.0
prod_5ce5cda4f9a38006,lenta,"Филе куриное в хрустящей корочке с кисло‑сладким соусом РЕСТО ШИК , 200г",продукты,готовая кулинария и консервы,1,1,2026-09-17 14:44:12.827,2026-09-17 16:37:58.834,1.9,5.0,5.0,189.99,189.99,1.9,0.08,0.0
prod_602bc172f7aca7a4,mvideo,Мяч гимнастический фитбол 75 см,прочее,спорт и отдых,1,1,2026-09-17 14:43:17.137,2026-09-17 16:41:24.855,1.97,39.11,39.11,2016.0,2016.0,1.97,0.08,0.0
prod_607ae73404b90a7f,holodilnik,Стиральная машина Stinol WSTU 410 B,электроника,бытовая техника,1,1,2026-09-17 15:05:38.985,2026-09-17 16:43:32.603,1.63,8.85,8.85,20499.0,20499.0,1.63,0.07,0.0
prod_61c4d629aa2094af,magnit,"Скраб для тела Рецепты бабушки Агафьи морошка на сахаре, 300 мл",косметика,уход за телом,1,1,2026-09-17 14:43:16.365,2026-09-17 16:41:13.538,1.97,13.04,13.04,199.99,199.99,1.97,0.08,0.0
prod_63824390026c58c5,magnit,"Скраб для тела Synergetic Цветущий инжир и лотос, 300 мл",косметика,уход за телом,1,1,2026-09-17 14:43:16.369,2026-09-17 16:41:13.540,1.97,22.4,22.4,387.99,387.99,1.97,0.08,0.0
prod_648d04b3570c1067,podruzhka,Крем-спрей для волос `MIXIT` RE:START многофункциональный 15в1 250 мл,косметика,уход за волосами,1,1,2026-09-17 15:05:45.837,2026-09-17 16:33:47.596,1.47,48.67,48.67,271.0,271.0,1.47,0.06,0.0
prod_65050a5317e73975,mvideo,Фартук рабочий ProfiCool Непромокаемый фартук профессиональный для работы,прочее,хозтовары,1,1,2026-09-17 14:43:17.146,2026-09-17 16:41:24.861,1.97,58.87,58.87,1103.0,1103.0,1.97,0.08,0.0
prod_693e94418bf94ca0,lenta,"Мармелад жевательный ORION Tinglezz со вкусом колы и лайма , 75г",продукты,кондитерские изделия,1,1,2026-09-17 14:43:50.651,2026-09-17 16:37:37.960,1.9,19.25,19.25,254.99,254.99,1.9,0.08,0.0
prod_6d4ca4b35f51aeed,lenta,"Яйцо шоколадное MEGA SECRET Пираты-прилипалы , 20г",продукты,кондитерские изделия,1,1,2026-09-17 14:44:00.680,2026-09-17 16:37:46.862,1.9,18.17,18.17,49.99,49.99,1.9,0.08,0.0
prod_6e4f288a9869d9a2,podruzhka,Сыворотка для лица `DR. ALTHEA` SKIN RELIEF ESSENCE успокаивающая против несовершенств 30 мл,косметика,уход за лицом,1,1,2026-09-17 15:05:45.832,2026-09-17 16:33:47.595,1.47,26.05,26.05,1320.0,1320.0,1.47,0.06,0.0
prod_6e5d8b4717e75beb,holodilnik,Стиральная машина Samsung WW60AG4S00CELD,электроника,бытовая техника,1,1,2026-09-17 16:33:31.792,2026-09-17 16:43:32.598,0.17,7.0,7.0,34399.0,34399.0,0.17,0.01,0.0
prod_6f685630f66e9218,mvideo,Погремушка ND Play Веселый кролик NDT-004,прочее,товары для детей,1,1,2026-09-17 14:43:17.124,2026-09-17 16:41:24.849,1.97,4.19,4.19,824.0,824.0,1.97,0.08,0.0
prod_6fae1d12871bd861,iledebeaute,Lotion Tonique Hydratante Увлажняющий тоник для нормальной и сухой кожи,косметика,не распознано,1,1,2026-09-17 15:06:13.342,2026-09-17 16:37:14.183,1.52,30.0,30.0,2240.0,2240.0,1.52,0.06,0.0
prod_6fe50946c0cfb29b,podruzhka,Гель-ламинатор для бровей `LUXVISAGE` BROW LAMINATOR суперсильной фиксации тон Бесцветный,косметика,декоративная косметика,1,1,2026-09-17 15:05:41.614,2026-09-17 16:33:44.880,1.47,45.01,45.01,226.0,226.0,1.47,0.06,0.0
prod_74b2d50e138d2d0a,mvideo,Шина для мотоциклов Anlas Capra-R 100/90-19 57H,прочее,авто и мото,1,1,2026-09-17 14:43:17.133,2026-09-17 16:41:24.853,1.97,20.09,20.09,14784.0,14784.0,1.97,0.08,0.0
prod_754459bb5e9acffc,magnit,"Мороженое Коровка из Кореновки Фисташковое пралине с макаронс и миндалем 15%, 300 г",продукты,мороженое,1,1,2026-09-17 14:43:16.337,2026-09-17 16:41:13.527,1.97,25.0,25.0,449.99,449.99,1.97,0.08,0.0
prod_7b32c23583c4f079,mvideo,Фетальный допплер для беременных домашний,электроника,электроника,1,1,2026-09-17 14:43:17.148,2026-09-17 16:41:24.862,1.97,60.54,60.54,1381.0,1381.0,1.97,0.08,0.0
prod_7d11e51f7aad2c8f,iledebeaute,FLAMINGO BLUSH Набор для макияжа,косметика,декоративная косметика,1,1,2026-09-17 15:05:51.198,2026-09-17 16:36:54.333,1.52,90.0,90.0,499.0,499.0,1.52,0.06,0.0
prod_806189b4ec6b9264,holodilnik,Стиральная машина Candy Aquamatic Evo AQUE 1043D-07,электроника,бытовая техника,1,1,2026-09-17 15:05:39.007,2026-09-17 16:43:32.615,1.63,21.84,21.84,29699.0,29699.0,1.63,0.07,0.0
prod_82bc7653e01f6c78,holodilnik,Стиральная машина Haier HW60-BP12919A,электроника,бытовая техника,1,1,2026-09-17 15:05:39.002,2026-09-17 16:43:32.613,1.63,33.64,33.64,29199.0,29199.0,1.63,0.07,0.0
prod_837c5d0c20295595,iledebeaute,Irresistible Nude Velvet Парфюмерная вода,косметика,парфюмерия,1,1,2026-09-17 15:06:10.751,2026-09-17 16:37:11.758,1.52,29.98,29.98,9579.0,9579.0,1.52,0.06,0.0
prod_8a96220ea04780da,iledebeaute,Lash Power Mascara Тушь для ресниц,косметика,декоративная косметика,1,1,2026-09-17 15:06:23.298,2026-09-17 16:37:21.478,1.52,40.0,40.0,2490.0,2490.0,1.52,0.06,0.0
prod_8bf6bbd403655071,mvideo,Машина отрезная прямая пневматическая Concorde композитная CD-SG20000C,прочее,авто и мото,1,1,2026-09-17 14:43:17.141,2026-09-17 16:41:24.858,1.97,75.13,75.13,2169.0,2169.0,1.97,0.08,0.0
prod_90aa2d1be4893a8f,mvideo,"Противень для духовки MEFERI BT01 65 л 478 x 365 x 31 , глубокий",электроника,бытовая техника,1,1,2026-09-17 14:43:17.129,2026-09-17 16:41:24.851,1.97,25.15,25.15,2399.0,2399.0,1.97,0.08,0.0
prod_9265205e23e5e3e9,iledebeaute,HD SKIN ALL IN ONE Многофункциональная палетка для лица,косметика,декоративная косметика,1,1,2026-09-17 15:05:45.596,2026-09-17 16:36:49.552,1.52,15.01,15.01,7607.0,7607.0,1.52,0.06,0.0
prod_937bca8189695718,lenta,"Гель для душа SOKOLOV Dark Cherry&Almond , 400мл",косметика,уход за телом,1,1,2026-09-17 14:44:19.939,2026-09-17 16:38:05.225,1.9,41.54,41.54,159.99,159.99,1.9,0.08,0.0
prod_948ca9a1e2f772d6,iledebeaute,Вербена Новогодний набор,косметика,подарочные наборы,1,1,2026-09-17 15:06:35.877,2026-09-17 16:37:34.289,1.52,40.05,40.05,1018.0,1018.0,1.52,0.06,0.0
prod_9540ca69ed79ba3c,mvideo,Ходунки для малыша Solmax SM99817,прочее,товары для детей,1,1,2026-09-17 14:43:17.164,2026-09-17 16:41:24.865,1.97,35.06,35.06,4635.0,4635.0,1.97,0.08,0.0
prod_9556119bda12f6fb,holodilnik,Стиральная машина Indesit IWSB 5105,электроника,бытовая техника,1,1,2026-09-17 15:05:38.937,2026-09-17 16:43:32.583,1.63,5.63,5.63,24999.0,24999.0,1.63,0.07,0.0
prod_957e3455206ef383,mvideo,Преобразователь сигнала с высокого уровня на RCA DL Audio Phoenix Sport High Level to RCA Converter 6ch,электроника,электроника,1,1,2026-09-17 14:43:17.136,2026-09-17 16:41:24.854,1.97,8.81,8.81,4076.0,4076.0,1.97,0.08,0.0
prod_9affb241853e49ab,podruzhka,Сыворотка для лица `CELIMAX` с экстрактом нони (питательная) 30 мл,косметика,уход за лицом,1,1,2026-09-17 15:05:41.610,2026-09-17 16:33:44.878,1.47,82.95,82.95,642.0,642.0,1.47,0.06,0.0
prod_9ba3127f17ea5273,holodilnik,Стиральная машина Candy Smart Pro CSO34 106T1/2-07,электроника,бытовая техника,1,1,2026-09-17 15:05:38.996,2026-09-17 16:43:32.610,1.63,25.48,25.48,23099.0,23099.0,1.63,0.07,0.0
prod_9cc6e469f8f36c55,holodilnik,Стиральная машина LG F2V3GS3W,электроника,бытовая техника,1,1,2026-09-17 15:05:38.972,2026-09-17 16:43:32.591,1.63,17.12,17.12,53783.0,53783.0,1.63,0.07,0.0
prod_9f8be59d8f551795,podruzhka,Крем для лица `DR. ALTHEA` 345 RELIEF успокаивающий с ресвератролом 50 мл,косметика,уход за лицом,1,1,2026-09-17 15:05:41.618,2026-09-17 16:33:44.881,1.47,18.19,18.19,2829.0,2829.0,1.47,0.06,0.0
prod_a136c0a7fa50949c,holodilnik,Стиральная машина Indesit BWSA 6109 WWV,электроника,бытовая техника,1,1,2026-09-17 15:05:39.014,2026-09-17 15:25:41.634,0.33,1.58,1.58,30499.0,30499.0,0.33,0.01,0.0
prod_a573c16f414bb51e,holodilnik,Стиральная машина Candy Smart Pro CSO4 107TB1/2-07,электроника,бытовая техника,1,1,2026-09-17 15:05:38.956,2026-09-17 16:43:32.588,1.63,12.73,12.73,28799.0,28799.0,1.63,0.07,0.0
prod_a68ca3d4b6d009a6,magnit,"Фитобальзам Чистая линия повышающий упругость тела, 200 мл",косметика,уход за телом,1,1,2026-09-17 14:43:16.360,2026-09-17 16:41:13.536,1.97,14.52,14.52,264.99,264.99,1.97,0.08,0.0
prod_a718280b1b4d1084,mvideo,MK3106 Переходник 1/4 DR (квадрат) — 1/4 HEX (шестигранник) (10шт) MKSS,прочее,инструменты,1,1,2026-09-17 14:43:17.144,2026-09-17 16:41:24.860,1.97,9.81,9.81,901.0,901.0,1.97,0.08,0.0
prod_ab32afea7ec88242,iledebeaute,VELVET DANCE Туалетная вода,косметика,парфюмерия,1,1,2026-09-17 15:05:56.631,2026-09-17 16:36:59.354,1.52,20.0,20.0,760.0,760.0,1.52,0.06,0.0
prod_ab4d5c21c5a5bedc,podruzhka,Крем для лица `DR. ALTHEA` 147 BARRIER успокаивающий 50 мл,косметика,уход за лицом,1,1,2026-09-17 15:05:41.614,2026-09-17 16:33:44.880,1.47,35.86,35.86,2218.0,2218.0,1.47,0.06,0.0
prod_aba138b9ffa26ebf,mvideo,"Amarancho Гранола без сахара шоколадная с амарантом, 270 гр",продукты,снеки и сухие завтраки,1,1,2026-09-17 14:43:17.167,2026-09-17 16:41:24.866,1.97,4.29,4.29,469.0,469.0,1.97,0.08,0.0
prod_ad82533ff733df92,iledebeaute,Vita C Plus Маска для лица тканевая с липосомальным витамином С для сияния кожи и борьбы с пигментацией,косметика,уход за лицом,1,1,2026-09-17 15:06:16.207,2026-09-17 16:37:16.636,1.52,36.09,36.09,441.0,441.0,1.52,0.06,0.0
prod_af7525fc331e0488,holodilnik,Стиральная машина Gressel UBC301 серый,электроника,бытовая техника,1,1,2026-09-17 15:05:38.998,2026-09-17 16:43:32.611,1.63,39.06,39.06,23299.0,23299.0,1.63,0.07,0.0
prod_b12b5621b7e3f2e3,mvideo,Шина для мотоциклов CST CM742 140/80 R18 70M (Задняя),прочее,авто и мото,1,1,2026-09-17 14:43:17.134,2026-09-17 16:41:24.854,1.97,21.28,21.28,3936.0,3936.0,1.97,0.08,0.0
prod_b24e820895125a81,mvideo,"Amarancho Амарантовая мука без глютена для выпечки, 400 гр",продукты,снеки и сухие завтраки,1,1,2026-09-17 14:43:17.170,2026-09-17 16:41:24.867,1.97,4.29,4.29,335.0,335.0,1.97,0.08,0.0
prod_b3d62f832d62098d,magnit,"Скраб для тела Черный жемчуг Идеальная кожа, 200 мл",косметика,уход за телом,1,1,2026-09-17 14:43:16.363,2026-09-17 15:03:19.686,0.33,26.42,26.42,389.99,389.99,0.33,0.01,0.0
