canonical_product_id,shop,episode_id,name,category,group,n_price_states,started_at,ended_at,median_discount,max_discount,min_price,max_price,duration_hours,duration_days,price_changed
prod_045c026204368467,holodilnik,2,Сушильная машина Candy CSOE C10DG-07,электроника,бытовая техника,1,2026-09-17 15:05:38.922,2026-09-17 16:43:32.578,10.000217396030353,10.000217396030353,41399.0,41399.0,1.63,0.07,False
prod_9556119bda12f6fb,holodilnik,77,Стиральная машина Indesit IWSB 5105,электроника,бытовая техника,1,2026-09-17 15:05:38.937,2026-09-17 16:43:32.583,5.628539071347682,5.628539071347682,24999.0,24999.0,1.63,0.07,False
prod_41bfbe38feba5250,holodilnik,32,Стиральная машина Beko WRE6512ZAW,электроника,бытовая техника,1,2026-09-17 15:05:38.940,2026-09-17 16:43:32.584,1.0037944118661657,1.0037944118661657,28699.0,28699.0,1.63,0.07,False
prod_a573c16f414bb51e,holodilnik,84,Стиральная машина Candy Smart Pro CSO4 107TB1/2-07,электроника,бытовая техника,1,2026-09-17 15:05:38.956,2026-09-17 16:43:32.588,12.72765841389133,12.72765841389133,28799.0,28799.0,1.63,0.07,False
prod_9cc6e469f8f36c55,holodilnik,81,Стиральная машина LG F2V3GS3W,электроника,бытовая техника,1,2026-09-17 15:05:38.972,2026-09-17 16:43:32.591,17.116658961319153,17.116658961319153,53783.0,53783.0,1.63,0.07,False
prod_3ba7a4f25eb86dba,holodilnik,29,Стиральная машина Haier HW70-BP12959AE,электроника,бытовая техника,1,2026-09-17 15:05:38.979,2026-09-17 16:43:32.596,16.666993470460202,16.666993470460202,42499.0,42499.0,1.63,0.07,False
prod_607ae73404b90a7f,holodilnik,51,Стиральная машина Stinol WSTU 410 B,электроника,бытовая техника,1,2026-09-17 15:05:38.985,2026-09-17 16:43:32.603,8.852823477100936,8.852823477100936,20499.0,20499.0,1.63,0.07,False
prod_4481a3e65274398c,holodilnik,35,Стиральная машина Stinol WSTS 610 E,электроника,бытовая техника,1,2026-09-17 15:05:38.988,2026-09-17 16:43:32.605,16.44174185955276,16.44174185955276,21299.0,21299.0,1.63,0.07,False
prod_350ba040c014fdf1,holodilnik,24,Стиральная машина Gressel UWC301 белый,электроника,бытовая техника,1,2026-09-17 15:05:38.992,2026-09-17 16:43:32.607,34.41277684637784,34.41277684637784,22299.0,22299.0,1.63,0.07,False
prod_9ba3127f17ea5273,holodilnik,80,Стиральная машина Candy Smart Pro CSO34 106T1/2-07,электроника,бытовая техника,1,2026-09-17 15:05:38.996,2026-09-17 16:43:32.610,25.48469305461466,25.48469305461466,23099.0,23099.0,1.63,0.07,False
prod_af7525fc331e0488,holodilnik,91,Стиральная машина Gressel UBC301 серый,электроника,бытовая техника,1,2026-09-17 15:05:38.998,2026-09-17 16:43:32.611,39.055715406748625,39.055715406748625,23299.0,23299.0,1.63,0.07,False
prod_82bc7653e01f6c78,holodilnik,68,Стиральная машина Haier HW60-BP12919A,электроника,бытовая техника,1,2026-09-17 15:05:39.002,2026-09-17 16:43:32.613,33.6371281165481,33.6371281165481,29199.0,29199.0,1.63,0.07,False
prod_806189b4ec6b9264,holodilnik,67,Стиральная машина Candy Aquamatic Evo AQUE 1043D-07,электроника,бытовая техника,1,2026-09-17 15:05:39.007,2026-09-17 16:43:32.615,21.842680070528175,21.842680070528175,29699.0,29699.0,1.63,0.07,False
prod_a136c0a7fa50949c,holodilnik,83,Стиральная машина Indesit BWSA 6109 WWV,электроника,бытовая техника,1,2026-09-17 15:05:39.014,2026-09-17 15:25:41.634,1.5843820587286173,1.5843820587286173,30499.0,30499.0,0.33,0.01,False
prod_6e5d8b4717e75beb,holodilnik,59,Стиральная машина Samsung WW60AG4S00CELD,электроника,бытовая техника,1,2026-09-17 16:33:31.792,2026-09-17 16:43:32.598,7.004595836712624,7.004595836712624,34399.0,34399.0,0.17,0.01,False
prod_151fa2fa6821276c,holodilnik,8,Стиральная машина Stinol WSTS 510 B,электроника,бытовая техника,1,2026-09-17 16:33:31.796,2026-09-17 16:43:32.602,15.385577323884947,15.385577323884947,20299.0,20299.0,0.17,0.01,False
prod_9265205e23e5e3e9,iledebeaute,73,HD SKIN ALL IN ONE Многофункциональная палетка для лица,косметика,декоративная косметика,1,2026-09-17 15:05:45.596,2026-09-17 16:36:49.552,15.005586592178766,15.005586592178766,7607.0,7607.0,1.52,0.06,False
prod_7d11e51f7aad2c8f,iledebeaute,66,FLAMINGO BLUSH Набор для макияжа,косметика,декоративная косметика,1,2026-09-17 15:05:51.198,2026-09-17 16:36:54.333,90.0,90.0,499.0,499.0,1.52,0.06,False
prod_2d3521aac6d1ac49,iledebeaute,20,GOLDEN EYESHADOW PALETTE Палетка теней,косметика,декоративная косметика,1,2026-09-17 15:05:53.936,2026-09-17 16:36:56.930,30.000000000000004,30.000000000000004,7847.0,7847.0,1.52,0.06,False
prod_ab32afea7ec88242,iledebeaute,87,VELVET DANCE Туалетная вода,косметика,парфюмерия,1,2026-09-17 15:05:56.631,2026-09-17 16:36:59.354,19.999999999999996,19.999999999999996,760.0,760.0,1.52,0.06,False
prod_292c0faabb283463,iledebeaute,19,Sumptuous Extreme Mascara Тушь для ресниц,косметика,декоративная косметика,1,2026-09-17 15:05:59.507,2026-09-17 16:37:01.840,40.0,40.0,3180.0,3180.0,1.52,0.06,False
prod_33074871efec343b,iledebeaute,23,NUDE MINI Палетка теней,косметика,декоративная косметика,1,2026-09-17 15:06:02.406,2026-09-17 16:37:04.319,50.0,50.0,2185.0,2185.0,1.52,0.06,False
prod_1d885b0e2585992d,iledebeaute,14,Карите Набор Маленькие радости,косметика,подарочные наборы,1,2026-09-17 15:06:08.052,2026-09-17 16:37:09.230,40.014064697609,40.014064697609,1706.0,1706.0,1.52,0.06,False
prod_837c5d0c20295595,iledebeaute,69,Irresistible Nude Velvet Парфюмерная вода,косметика,парфюмерия,1,2026-09-17 15:06:10.751,2026-09-17 16:37:11.758,29.9780701754386,29.9780701754386,9579.0,9579.0,1.52,0.06,False
prod_6fae1d12871bd861,iledebeaute,61,Lotion Tonique Hydratante Увлажняющий тоник для нормальной и сухой кожи,косметика,не распознано,1,2026-09-17 15:06:13.342,2026-09-17 16:37:14.183,30.000000000000004,30.000000000000004,2240.0,2240.0,1.52,0.06,False
prod_ad82533ff733df92,iledebeaute,90,Vita C Plus Маска для лица тканевая с липосомальным витамином С для сияния кожи и борьбы с пигментацией,косметика,уход за лицом,1,2026-09-17 15:06:16.207,2026-09-17 16:37:16.636,36.08695652173913,36.08695652173913,441.0,441.0,1.52,0.06,False
prod_8a96220ea04780da,iledebeaute,70,Lash Power Mascara Тушь для ресниц,косметика,декоративная косметика,1,2026-09-17 15:06:23.298,2026-09-17 16:37:21.478,40.0,40.0,2490.0,2490.0,1.52,0.06,False
prod_4a0eda8918361861,iledebeaute,38,Monsieur Big Mascara Тушь для ресниц,косметика,декоративная косметика,1,2026-09-17 15:06:25.850,2026-09-17 16:37:23.910,25.00866551126516,25.00866551126516,4327.0,4327.0,1.52,0.06,False
prod_4e7873c5011b15dc,iledebeaute,39,DRAMA SIZED MASCARA Тушь с эффектом накладных ресниц,косметика,декоративная косметика,1,2026-09-17 15:06:30.797,2026-09-17 16:37:29.116,55.00000000000001,55.00000000000001,1260.0,1260.0,1.52,0.06,False
prod_598e9167c0fb37ad,iledebeaute,45,Defy Дезодорант,косметика,парфюмерия,1,2026-09-17 15:06:33.352,2026-09-17 16:37:31.863,35.013623978201636,35.013623978201636,2385.0,2385.0,1.52,0.06,False
prod_948ca9a1e2f772d6,iledebeaute,75,Вербена Новогодний набор,косметика,подарочные наборы,1,2026-09-17 15:06:35.877,2026-09-17 16:37:34.289,40.04711425206124,40.04711425206124,1018.0,1018.0,1.52,0.06,False
prod_48985ffef0f3b816,lenta,37,"Горбуша натуральная , 240г",продукты,готовая кулинария и консервы,1,2026-09-17 14:43:23.670,2026-09-17 16:37:14.931,5.028213866696463,5.028213866696463,169.99,169.99,1.9,0.08,False
prod_27ddb5693e7ad6b5,lenta,17,"Паштет шпротный , 160г",продукты,готовая кулинария и консервы,1,2026-09-17 14:43:26.704,2026-09-17 16:37:17.955,5.078383749172,5.078383749172,42.99,42.99,1.9,0.08,False
prod_03ac60309d251b00,lenta,1,"Набор подарочный M&M'S & FRIENDS Снова в школу, карандаш , 116г",косметика,подарочные наборы,1,2026-09-17 14:43:29.554,2026-09-17 16:37:21.128,32.727848351735325,32.727848351735325,169.99,169.99,1.9,0.08,False
prod_3957c8186b2f7154,lenta,26,"Зубная щетка JUICY LAB Magic Brush с ионами серебра, мягкая , 1 шт",косметика,гигиена,1,2026-09-17 14:43:36.381,2026-09-17 16:37:26.697,44.119701584285664,44.119701584285664,199.99,199.99,1.9,0.08,False
prod_5406ca549009b3b9,lenta,42,"Шампунь для волос SOKOLOV Basil&Mandarin, для объема волос , 750 мл",косметика,уход за волосами,1,2026-09-17 14:43:39.605,2026-09-17 16:37:29.391,73.86252388058283,73.86252388058283,549.99,549.99,1.9,0.08,False
prod_3af860672ce20643,lenta,28,"Шампунь для волос SOKOLOV Dark Cherry&Almond, для восстановления , 750мл",косметика,уход за волосами,1,2026-09-17 14:43:42.820,2026-09-17 16:37:32.144,73.86252388058283,73.86252388058283,549.99,549.99,1.9,0.08,False
prod_693e94418bf94ca0,lenta,56,"Мармелад жевательный ORION Tinglezz со вкусом колы и лайма , 75г",продукты,кондитерские изделия,1,2026-09-17 14:43:50.651,2026-09-17 16:37:37.960,19.253301244497933,19.253301244497933,254.99,254.99,1.9,0.08,False
prod_6d4ca4b35f51aeed,lenta,57,"Яйцо шоколадное MEGA SECRET Пираты-прилипалы , 20г",продукты,кондитерские изделия,1,2026-09-17 14:44:00.680,2026-09-17 16:37:46.862,18.169913242756586,18.169913242756586,49.99,49.99,1.9,0.08,False
prod_2fc96355426d7093,lenta,22,"Салат Филадельфия с филе‑кусочками форели радужной слабосоленой РЕСТО ШИК , 180г",продукты,готовая кулинария и консервы,1,2026-09-17 14:44:03.914,2026-09-17 16:37:49.937,5.040543502081951,5.040543502081951,129.99,129.99,1.9,0.08,False
prod_5ce5cda4f9a38006,lenta,49,"Филе куриное в хрустящей корочке с кисло‑сладким соусом РЕСТО ШИК , 200г",продукты,готовая кулинария и консервы,1,2026-09-17 14:44:12.827,2026-09-17 16:37:58.834,5.000250012500629,5.000250012500629,189.99,189.99,1.9,0.08,False
prod_937bca8189695718,lenta,74,"Гель для душа SOKOLOV Dark Cherry&Almond , 400мл",косметика,уход за телом,1,2026-09-17 14:44:19.939,2026-09-17 16:38:05.225,41.54335196755453,41.54335196755453,159.99,159.99,1.9,0.08,False
prod_5730126abeae7fd8,lenta,43,"Гель для душа SOKOLOV Basil&Mandarin , 400мл",косметика,уход за телом,1,2026-09-17 14:44:22.977,2026-09-17 16:38:08.085,41.54335196755453,41.54335196755453,159.99,159.99,1.9,0.08,False
prod_1a3ca9025ba79f64,lenta,12,"Гель для душа SOKOLOV Black Pepper&Tonka , 400мл",косметика,уход за телом,1,2026-09-17 14:44:29.635,2026-09-17 16:38:11.063,41.54335196755453,41.54335196755453,159.99,159.99,1.89,0.08,False
prod_754459bb5e9acffc,magnit,64,"Мороженое Коровка из Кореновки Фисташковое пралине с макаронс и миндалем 15%, 300 г",продукты,мороженое,1,2026-09-17 14:43:16.337,2026-09-17 16:41:13.527,25.000416673611227,25.000416673611227,449.99,449.99,1.97,0.08,False
prod_5be826adba03ccc0,magnit,47,"Мороженое Bahroma пломбир шоколадный чизкейк, черное печенье 12%, 320 г",продукты,мороженое,1,2026-09-17 14:43:16.339,2026-09-17 16:41:13.527,35.06539045961637,35.06539045961637,499.99,499.99,1.97,0.08,False
prod_5905c453c9877f8d,magnit,44,"Мороженое Свитлогорье эскимо с драже «Неон» и взрывной карамелью 12%, 80 г",продукты,мороженое,1,2026-09-17 14:43:16.349,2026-09-17 16:41:13.531,35.13703443429376,35.13703443429376,119.99,119.99,1.97,0.08,False
prod_45b70ae1eeb2d76e,magnit,36,"Мармелад жевательный Juuums вкус клубника со сливками, 80 г",продукты,кондитерские изделия,1,2026-09-17 14:43:16.352,2026-09-17 16:41:13.532,16.668055671305947,16.668055671305947,99.99,99.99,1.97,0.08,False
prod_5a544d6968ced320,magnit,46,"Мыльница Wellfort, стекло Bohemian",прочее,хозтовары,1,2026-09-17 14:43:16.354,2026-09-17 16:41:13.533,33.335555703713595,33.335555703713595,99.99,99.99,1.97,0.08,False
prod_50cc7f7a7b86f7ab,magnit,41,"Стакан для ванной Wellfort, стекло Bohemian",прочее,хозтовары,1,2026-09-17 14:43:16.355,2026-09-17 16:41:13.534,27.77932107339296,27.77932107339296,129.99,129.99,1.97,0.08,False
prod_17100641c1eedf94,magnit,11,"Чипсы Lays, в ассортименте, 225 г",продукты,снеки и сухие завтраки,1,2026-09-17 14:43:16.359,2026-09-17 16:41:13.536,12.500446444515878,12.500446444515878,244.99,244.99,1.97,0.08,False
prod_a68ca3d4b6d009a6,magnit,85,"Фитобальзам Чистая линия повышающий упругость тела, 200 мл",косметика,уход за телом,1,2026-09-17 14:43:16.360,2026-09-17 16:41:13.536,14.51659730959063,14.51659730959063,264.99,264.99,1.97,0.08,False
prod_b3d62f832d62098d,magnit,94,"Скраб для тела Черный жемчуг Идеальная кожа, 200 мл",косметика,уход за телом,1,2026-09-17 14:43:16.363,2026-09-17 15:03:19.686,26.415592747032967,26.415592747032967,389.99,389.99,0.33,0.01,False
prod_61c4d629aa2094af,magnit,52,"Скраб для тела Рецепты бабушки Агафьи морошка на сахаре, 300 мл",косметика,уход за телом,1,2026-09-17 14:43:16.365,2026-09-17 16:41:13.538,13.044045393277969,13.044045393277969,199.99,199.99,1.97,0.08,False
prod_28af3758572fbd36,magnit,18,"Скраб для тела Synergetic Эластичность и сияние кожи, сандал и ягоды можжевельника, 300 мл",косметика,уход за телом,1,2026-09-17 14:43:16.367,2026-09-17 16:41:13.539,22.400448008960183,22.400448008960183,387.99,387.99,1.97,0.08,False
prod_63824390026c58c5,magnit,53,"Скраб для тела Synergetic Цветущий инжир и лотос, 300 мл",косметика,уход за телом,1,2026-09-17 14:43:16.369,2026-09-17 16:41:13.540,22.400448008960183,22.400448008960183,387.99,387.99,1.97,0.08,False
prod_097c0e99025cb27c,magnit,5,"Скраб для тела Synergetic карамельное яблоко и ваниль, 300 мл",косметика,уход за телом,1,2026-09-17 14:43:16.373,2026-09-17 16:41:13.542,26.00052001040021,26.00052001040021,369.99,369.99,1.97,0.08,False
prod_5c6a64bbe3f7cd80,magnit,48,"Скраб для тела Synergetic антицеллюлитный Пачули и ароматный бергамот, 300 мл",косметика,уход за телом,1,2026-09-17 14:43:16.375,2026-09-17 16:41:13.543,26.00052001040021,26.00052001040021,369.99,369.99,1.97,0.08,False
prod_6f685630f66e9218,mvideo,60,Погремушка ND Play Веселый кролик NDT-004,прочее,товары для детей,1,2026-09-17 14:43:17.124,2026-09-17 16:41:24.849,4.1860465116279055,4.1860465116279055,824.0,824.0,1.97,0.08,False
prod_90aa2d1be4893a8f,mvideo,72,"Противень для духовки MEFERI BT01 65 л 478 x 365 x 31 , глубокий",электроника,бытовая техника,1,2026-09-17 14:43:17.129,2026-09-17 16:41:24.851,25.148205928237132,25.148205928237132,2399.0,2399.0,1.97,0.08,False
prod_41f71a665d573856,mvideo,33,"Лодочный мотор MARLIN MP 9.9 (15) AMHS, двухтактный, бензиновый",прочее,авто и мото,1,2026-09-17 14:43:17.130,2026-09-17 16:41:24.852,6.63414634146341,6.63414634146341,122496.0,122496.0,1.97,0.08,False
prod_74b2d50e138d2d0a,mvideo,63,Шина для мотоциклов Anlas Capra-R 100/90-19 57H,прочее,авто и мото,1,2026-09-17 14:43:17.133,2026-09-17 16:41:24.853,20.08648648648649,20.08648648648649,14784.0,14784.0,1.97,0.08,False
prod_b12b5621b7e3f2e3,mvideo,92,Шина для мотоциклов CST CM742 140/80 R18 70M (Задняя),прочее,авто и мото,1,2026-09-17 14:43:17.134,2026-09-17 16:41:24.854,21.279999999999998,21.279999999999998,3936.0,3936.0,1.97,0.08,False
prod_957e3455206ef383,mvideo,78,Преобразователь сигнала с высокого уровня на RCA DL Audio Phoenix Sport High Level to RCA Converter 6ch,электроника,электроника,1,2026-09-17 14:43:17.136,2026-09-17 16:41:24.854,8.814317673378081,8.814317673378081,4076.0,4076.0,1.97,0.08,False
prod_602bc172f7aca7a4,mvideo,50,Мяч гимнастический фитбол 75 см,прочее,спорт и отдых,1,2026-09-17 14:43:17.137,2026-09-17 16:41:24.855,39.112050739957716,39.112050739957716,2016.0,2016.0,1.97,0.08,False
prod_203c8a6b8f2a2852,mvideo,15,Килт банный для мужчин Everliness Килт махровый мужской с вышивкой,прочее,хозтовары,1,2026-09-17 14:43:17.138,2026-09-17 16:41:24.856,31.720000000000002,31.720000000000002,1707.0,1707.0,1.97,0.08,False
prod_1ce85aaf7ae3a9d6,mvideo,13,"Обложка для автодокументов Staff полиуретан под кожу, Автодокументы, коричневая, 237598",прочее,авто и мото,1,2026-09-17 14:43:17.140,2026-09-17 16:41:24.857,52.241379310344826,52.241379310344826,277.0,277.0,1.97,0.08,False
prod_8bf6bbd403655071,mvideo,71,Машина отрезная прямая пневматическая Concorde композитная CD-SG20000C,прочее,авто и мото,1,2026-09-17 14:43:17.141,2026-09-17 16:41:24.858,75.1318504930062,75.1318504930062,2169.0,2169.0,1.97,0.08,False
prod_4fe7d8e5bcf10870,mvideo,40,"Матрасик для пеленания на кроватку Mr Sandman, доска пеленальная на комод, 68х47 см, от 0 до 6 месяцев.",прочее,товары для детей,1,2026-09-17 14:43:17.143,2026-09-17 16:41:24.859,44.16,44.16,2792.0,2792.0,1.97,0.08,False
prod_a718280b1b4d1084,mvideo,86,MK3106 Переходник 1/4 DR (квадрат) — 1/4 HEX (шестигранник) (10шт) MKSS,прочее,инструменты,1,2026-09-17 14:43:17.144,2026-09-17 16:41:24.860,9.80980980980981,9.80980980980981,901.0,901.0,1.97,0.08,False
prod_65050a5317e73975,mvideo,55,Фартук рабочий ProfiCool Непромокаемый фартук профессиональный для работы,прочее,хозтовары,1,2026-09-17 14:43:17.146,2026-09-17 16:41:24.861,58.87397464578672,58.87397464578672,1103.0,1103.0,1.97,0.08,False
prod_7b32c23583c4f079,mvideo,65,Фетальный допплер для беременных домашний,электроника,электроника,1,2026-09-17 14:43:17.148,2026-09-17 16:41:24.862,60.542857142857144,60.542857142857144,1381.0,1381.0,1.97,0.08,False
prod_3990e343bc29ca7a,mvideo,27,Аксессуар для дайвинга DJI Комплект для дайвинга Osmo Action Diving Accessory Kit,прочее,спорт и отдых,1,2026-09-17 14:43:17.161,2026-09-17 16:41:24.864,42.9696379282351,42.9696379282351,7025.0,7025.0,1.97,0.08,False
prod_9540ca69ed79ba3c,mvideo,76,Ходунки для малыша Solmax SM99817,прочее,товары для детей,1,2026-09-17 14:43:17.164,2026-09-17 16:41:24.865,35.05674653215637,35.05674653215637,4635.0,4635.0,1.97,0.08,False
prod_aba138b9ffa26ebf,mvideo,89,"Amarancho Гранола без сахара шоколадная с амарантом, 270 гр",продукты,снеки и сухие завтраки,1,2026-09-17 14:43:17.167,2026-09-17 16:41:24.866,4.285714285714281,4.285714285714281,469.0,469.0,1.97,0.08,False
prod_b24e820895125a81,mvideo,93,"Amarancho Амарантовая мука без глютена для выпечки, 400 гр",продукты,снеки и сухие завтраки,1,2026-09-17 14:43:17.170,2026-09-17 16:41:24.867,4.285714285714281,4.285714285714281,335.0,335.0,1.97,0.08,False
prod_15734fa5f632edae,mvideo,9,Шнек (300х800 мм) для бензобура Gigant 12-010,прочее,авто и мото,1,2026-09-17 14:43:17.178,2026-09-17 16:41:24.868,23.200064355240933,23.200064355240933,9547.0,9547.0,1.97,0.08,False
prod_04b19f1beb03ccbb,podruzhka,3,"Тушь для ресниц `LUXVISAGE` XXL суперобъем, эффект накладных ресниц (черная)",косметика,декоративная косметика,1,2026-09-17 15:05:41.608,2026-09-17 16:33:44.878,55.787476280834916,55.787476280834916,233.0,233.0,1.47,0.06,False
prod_37c024a322f359f8,podruzhka,25,Сыворотка для кожи вокруг глаз `AXIS-Y` с гиалуроновой кислотой и комплексом пептидов 10 мл,косметика,уход за лицом,1,2026-09-17 15:05:41.608,2026-09-17 16:33:44.878,57.12204007285975,57.12204007285975,1177.0,1177.0,1.47,0.06,False
prod_9affb241853e49ab,podruzhka,79,Сыворотка для лица `CELIMAX` с экстрактом нони (питательная) 30 мл,косметика,уход за лицом,1,2026-09-17 15:05:41.610,2026-09-17 16:33:44.878,82.94820717131475,82.94820717131475,642.0,642.0,1.47,0.06,False
prod_206d158aa149d5f8,podruzhka,16,Тонер-пэды для лица `DR. ALTHEA` ANASTATICA SKIN CONDITIONING PAD увлажняющие с экстрактом иерихонской розы 65 шт,косметика,уход за лицом,1,2026-09-17 15:05:41.613,2026-09-17 16:33:44.879,15.00634517766497,15.00634517766497,2679.0,2679.0,1.47,0.06,False
prod_6fe50946c0cfb29b,podruzhka,62,Гель-ламинатор для бровей `LUXVISAGE` BROW LAMINATOR суперсильной фиксации тон Бесцветный,косметика,декоративная косметика,1,2026-09-17 15:05:41.614,2026-09-17 16:33:44.880,45.01216545012166,45.01216545012166,226.0,226.0,1.47,0.06,False
prod_ab4d5c21c5a5bedc,podruzhka,88,Крем для лица `DR. ALTHEA` 147 BARRIER успокаивающий 50 мл,косметика,уход за лицом,1,2026-09-17 15:05:41.614,2026-09-17 16:33:44.880,35.85887796414112,35.85887796414112,2218.0,2218.0,1.47,0.06,False
prod_0d2ec11672692d85,podruzhka,6,Мицеллярная вода `EVELINE` FACEMED+ 3 в 1 гиалуроновая 750 мл,косметика,уход за лицом,1,2026-09-17 15:05:41.615,2026-09-17 16:33:44.880,35.01400560224089,35.01400560224089,464.0,464.0,1.47,0.06,False
prod_4332e8cee8b3ede7,podruzhka,34,Ампула для лица `COSNORI` PANTHE-SHOT 675 с пантенолом и микроиглами 50 мл,косметика,уход за лицом,1,2026-09-17 15:05:41.617,2026-09-17 16:33:44.881,40.0,40.0,1674.0,1674.0,1.47,0.06,False
prod_9f8be59d8f551795,podruzhka,82,Крем для лица `DR. ALTHEA` 345 RELIEF успокаивающий с ресвератролом 50 мл,косметика,уход за лицом,1,2026-09-17 15:05:41.618,2026-09-17 16:33:44.881,18.1897050318103,18.1897050318103,2829.0,2829.0,1.47,0.06,False
prod_115fd3949eb2ff10,podruzhka,7,Сыворотка для лица `CELIMAX` THE VITA A с ретинолом и микроиглами (подтягивающая) 30 мл,косметика,уход за лицом,1,2026-09-17 15:05:41.619,2026-09-17 16:33:44.881,62.67558528428094,62.67558528428094,1116.0,1116.0,1.47,0.06,False
prod_06dce203f1fba742,podruzhka,4,Тонер для лица `CELIMAX` DUAL BARRIER кремовый с комплексом керамидов (укрепляющий и питательный) 150 мл,косметика,уход за лицом,1,2026-09-17 15:05:41.620,2026-09-17 16:33:44.882,53.54330708661416,53.54330708661416,1180.0,1180.0,1.47,0.06,False
prod_6e4f288a9869d9a2,podruzhka,58,Сыворотка для лица `DR. ALTHEA` SKIN RELIEF ESSENCE успокаивающая против несовершенств 30 мл,косметика,уход за лицом,1,2026-09-17 15:05:45.832,2026-09-17 16:33:47.595,26.050420168067223,26.050420168067223,1320.0,1320.0,1.47,0.06,False
prod_2eca1dfabfaa0852,podruzhka,21,Пудра для лица `MIXIT` MINERAL POWDER фиксирующая минеральная,косметика,декоративная косметика,1,2026-09-17 15:05:45.833,2026-09-17 16:33:47.595,53.885480572597146,53.885480572597146,451.0,451.0,1.47,0.06,False
prod_3c135266f5461fc2,podruzhka,30,Пенка для умывания `CELIMAX` слабокислотная 150 мл,косметика,уход за лицом,1,2026-09-17 15:05:45.834,2026-09-17 16:33:47.596,68.14606741573034,68.14606741573034,567.0,567.0,1.47,0.06,False
prod_15d9f45dda95469f,podruzhka,10,Пенка для умывания `MIXIT` `LAB` WOW MOISTURE с мочевиной и гиалуроновой кислотой (экстраувляжняющая) 200 мл,косметика,уход за лицом,1,2026-09-17 15:05:45.835,2026-09-17 16:33:47.596,46.6542750929368,46.6542750929368,287.0,287.0,1.47,0.06,False
prod_648d04b3570c1067,podruzhka,54,Крем-спрей для волос `MIXIT` RE:START многофункциональный 15в1 250 мл,косметика,уход за волосами,1,2026-09-17 15:05:45.837,2026-09-17 16:33:47.596,48.67424242424242,48.67424242424242,271.0,271.0,1.47,0.06,False
prod_3d7726d106d507bd,podruzhka,31,Крем для лица `NSC` ниацинамид глубокое восстановление и сияние кожи с витамином C 120 мл,косметика,уход за лицом,1,2026-09-17 15:05:45.838,2026-09-17 16:33:47.597,38.144329896907216,38.144329896907216,420.0,420.0,1.47,0.06,False
