"canonical_product_id","name","shop","date","original_price","promotion_price","match_status"
"prod_03ac60309d251b00","Набор подарочный M&M'S & FRIENDS Снова в школу, карандаш , 116г","lenta","2026-09-17 14:43:29.554",252.69,169.99,"provisional"
"prod_03ac60309d251b00","Набор подарочный M&M'S & FRIENDS Снова в школу, карандаш , 116г","lenta","2026-09-17 14:54:43.632",252.69,169.99,"provisional"
"prod_03ac60309d251b00","Набор подарочный M&M'S & FRIENDS Снова в школу, карандаш , 116г","lenta","2026-09-17 15:06:02.680",252.69,169.99,"provisional"
"prod_03ac60309d251b00","Набор подарочный M&M'S & FRIENDS Снова в школу, карандаш , 116г","lenta","2026-09-17 15:17:23.670",252.69,169.99,"provisional"
"prod_03ac60309d251b00","Набор подарочный M&M'S & FRIENDS Снова в школу, карандаш , 116г","lenta","2026-09-17 15:28:37.520",252.69,169.99,"provisional"
"prod_03ac60309d251b00","Набор подарочный M&M'S & FRIENDS Снова в школу, карандаш , 116г","lenta","2026-09-17 16:37:21.128",252.69,169.99,"provisional"
"prod_045c026204368467","Сушильная машина Candy CSOE C10DG-07","holodilnik","2026-09-17 15:05:38.922",45999,41399,"provisional"
"prod_045c026204368467","Сушильная машина Candy CSOE C10DG-07","holodilnik","2026-09-17 15:15:40.449",45999,41399,"provisional"
"prod_045c026204368467","Сушильная машина Candy CSOE C10DG-07","holodilnik","2026-09-17 15:25:41.591",45999,41399,"provisional"
"prod_045c026204368467","Сушильная машина Candy CSOE C10DG-07","holodilnik","2026-09-17 16:33:31.776",45999,41399,"provisional"
"prod_045c026204368467","Сушильная машина Candy CSOE C10DG-07","holodilnik","2026-09-17 16:43:32.578",45999,41399,"provisional"
"prod_04b19f1beb03ccbb","Тушь для ресниц `LUXVISAGE` XXL суперобъем, эффект накладных ресниц (черная)","podruzhka","2026-09-17 15:05:41.608",527,233,"provisional"
"prod_04b19f1beb03ccbb","Тушь для ресниц `LUXVISAGE` XXL суперобъем, эффект накладных ресниц (черная)","podruzhka","2026-09-17 15:15:47.450",527,233,"provisional"
"prod_04b19f1beb03ccbb","Тушь для ресниц `LUXVISAGE` XXL суперобъем, эффект накладных ресниц (черная)","podruzhka","2026-09-17 15:25:51.639",527,233,"provisional"
"prod_04b19f1beb03ccbb","Тушь для ресниц `LUXVISAGE` XXL суперобъем, эффект накладных ресниц (черная)","podruzhka","2026-09-17 16:33:44.878",527,233,"provisional"
"prod_06dce203f1fba742","Тонер для лица `CELIMAX` DUAL BARRIER кремовый с комплексом керамидов (укрепляющий и питательный) 150 мл","podruzhka","2026-09-17 15:05:41.620",2540,1180,"provisional"
"prod_06dce203f1fba742","Тонер для лица `CELIMAX` DUAL BARRIER кремовый с комплексом керамидов (укрепляющий и питательный) 150 мл","podruzhka","2026-09-17 15:15:47.455",2540,1180,"provisional"
"prod_06dce203f1fba742","Тонер для лица `CELIMAX` DUAL BARRIER кремовый с комплексом керамидов (укрепляющий и питательный) 150 мл","podruzhka","2026-09-17 15:25:51.647",2540,1180,"provisional"
"prod_06dce203f1fba742","Тонер для лица `CELIMAX` DUAL BARRIER кремовый с комплексом керамидов (укрепляющий и питательный) 150 мл","podruzhka","2026-09-17 16:33:44.882",2540,1180,"provisional"
"prod_097c0e99025cb27c","Скраб для тела Synergetic карамельное яблоко и ваниль, 300 мл","magnit","2026-09-17 14:43:16.373",499.99,369.99,"provisional"
"prod_097c0e99025cb27c","Скраб для тела Synergetic карамельное яблоко и ваниль, 300 мл","magnit","2026-09-17 14:53:18.578",499.99,369.99,"provisional"
"prod_097c0e99025cb27c","Скраб для тела Synergetic карамельное яблоко и ваниль, 300 мл","magnit","2026-09-17 15:03:19.692",499.99,369.99,"provisional"
"prod_097c0e99025cb27c","Скраб для тела Synergetic карамельное яблоко и ваниль, 300 мл","magnit","2026-09-17 15:13:20.521",499.99,369.99,"provisional"
"prod_097c0e99025cb27c","Скраб для тела Synergetic карамельное яблоко и ваниль, 300 мл","magnit","2026-09-17 15:23:21.450",499.99,369.99,"provisional"
"prod_097c0e99025cb27c","Скраб для тела Synergetic карамельное яблоко и ваниль, 300 мл","magnit","2026-09-17 16:31:12.510",499.99,369.99,"provisional"
"prod_097c0e99025cb27c","Скраб для тела Synergetic карамельное яблоко и ваниль, 300 мл","magnit","2026-09-17 16:41:13.542",499.99,369.99,"provisional"
"prod_0d2ec11672692d85","Мицеллярная вода `EVELINE` FACEMED+ 3 в 1 гиалуроновая 750 мл","podruzhka","2026-09-17 15:05:41.615",714,464,"provisional"
"prod_0d2ec11672692d85","Мицеллярная вода `EVELINE` FACEMED+ 3 в 1 гиалуроновая 750 мл","podruzhka","2026-09-17 15:15:47.453",714,464,"provisional"
"prod_0d2ec11672692d85","Мицеллярная вода `EVELINE` FACEMED+ 3 в 1 гиалуроновая 750 мл","podruzhka","2026-09-17 15:25:51.644",714,464,"provisional"
"prod_0d2ec11672692d85","Мицеллярная вода `EVELINE` FACEMED+ 3 в 1 гиалуроновая 750 мл","podruzhka","2026-09-17 16:33:44.880",714,464,"provisional"
"prod_115fd3949eb2ff10","Сыворотка для лица `CELIMAX` THE VITA A с ретинолом и микроиглами (подтягивающая) 30 мл","podruzhka","2026-09-17 15:05:41.619",2990,1116,"provisional"
"prod_115fd3949eb2ff10","Сыворотка для лица `CELIMAX` THE VITA A с ретинолом и микроиглами (подтягивающая) 30 мл","podruzhka","2026-09-17 15:15:47.454",2990,1116,"provisional"
"prod_115fd3949eb2ff10","Сыворотка для лица `CELIMAX` THE VITA A с ретинолом и микроиглами (подтягивающая) 30 мл","podruzhka","2026-09-17 15:25:51.646",2990,1116,"provisional"
"prod_115fd3949eb2ff10","Сыворотка для лица `CELIMAX` THE VITA A с ретинолом и микроиглами (подтягивающая) 30 мл","podruzhka","2026-09-17 16:33:44.881",2990,1116,"provisional"
"prod_151fa2fa6821276c","Стиральная машина Stinol WSTS 510 B","holodilnik","2026-09-17 16:33:31.796",23990,20299,"provisional"
"prod_151fa2fa6821276c","Стиральная машина Stinol WSTS 510 B","holodilnik","2026-09-17 16:43:32.602",23990,20299,"provisional"
"prod_15734fa5f632edae","Шнек (300х800 мм) для бензобура Gigant 12-010","mvideo","2026-09-17 14:43:17.178",12431,9547,"provisional"
"prod_15734fa5f632edae","Шнек (300х800 мм) для бензобура Gigant 12-010","mvideo","2026-09-17 14:53:23.810",12431,9547,"provisional"
"prod_15734fa5f632edae","Шнек (300х800 мм) для бензобура Gigant 12-010","mvideo","2026-09-17 15:03:26.697",12431,9547,"provisional"
"prod_15734fa5f632edae","Шнек (300х800 мм) для бензобура Gigant 12-010","mvideo","2026-09-17 15:13:29.250",12431,9547,"provisional"
"prod_15734fa5f632edae","Шнек (300х800 мм) для бензобура Gigant 12-010","mvideo","2026-09-17 15:23:32.197",12431,9547,"provisional"
"prod_15734fa5f632edae","Шнек (300х800 мм) для бензобура Gigant 12-010","mvideo","2026-09-17 16:31:23.286",12431,9547,"provisional"
"prod_15734fa5f632edae","Шнек (300х800 мм) для бензобура Gigant 12-010","mvideo","2026-09-17 16:41:24.868",12431,9547,"provisional"
"prod_15d9f45dda95469f","Пенка для умывания `MIXIT` `LAB` WOW MOISTURE с мочевиной и гиалуроновой кислотой (экстраувляжняющая) 200 мл","podruzhka","2026-09-17 15:05:45.835",538,287,"provisional"
"prod_15d9f45dda95469f","Пенка для умывания `MIXIT` `LAB` WOW MOISTURE с мочевиной и гиалуроновой кислотой (экстраувляжняющая) 200 мл","podruzhka","2026-09-17 15:15:50.159",538,287,"provisional"
"prod_15d9f45dda95469f","Пенка для умывания `MIXIT` `LAB` WOW MOISTURE с мочевиной и гиалуроновой кислотой (экстраувляжняющая) 200 мл","podruzhka","2026-09-17 15:25:54.198",538,287,"provisional"
"prod_15d9f45dda95469f","Пенка для умывания `MIXIT` `LAB` WOW MOISTURE с мочевиной и гиалуроновой кислотой (экстраувляжняющая) 200 мл","podruzhka","2026-09-17 16:33:47.596",538,287,"provisional"
"prod_17100641c1eedf94","Чипсы Lays, в ассортименте, 225 г","magnit","2026-09-17 14:43:16.359",279.99,244.99,"provisional"
"prod_17100641c1eedf94","Чипсы Lays, в ассортименте, 225 г","magnit","2026-09-17 14:53:18.568",279.99,244.99,"provisional"
"prod_17100641c1eedf94","Чипсы Lays, в ассортименте, 225 г","magnit","2026-09-17 15:03:19.682",279.99,244.99,"provisional"
"prod_17100641c1eedf94","Чипсы Lays, в ассортименте, 225 г","magnit","2026-09-17 15:13:20.514",279.99,244.99,"provisional"
"prod_17100641c1eedf94","Чипсы Lays, в ассортименте, 225 г","magnit","2026-09-17 15:23:21.441",279.99,244.99,"provisional"
"prod_17100641c1eedf94","Чипсы Lays, в ассортименте, 225 г","magnit","2026-09-17 16:31:12.504",279.99,244.99,"provisional"
"prod_17100641c1eedf94","Чипсы Lays, в ассортименте, 225 г","magnit","2026-09-17 16:41:13.536",279.99,244.99,"provisional"
"prod_1a3ca9025ba79f64","Гель для душа SOKOLOV Black Pepper&Tonka , 400мл","lenta","2026-09-17 14:44:29.635",273.69,159.99,"provisional"
"prod_1a3ca9025ba79f64","Гель для душа SOKOLOV Black Pepper&Tonka , 400мл","lenta","2026-09-17 14:55:49.599",273.69,159.99,"provisional"
"prod_1a3ca9025ba79f64","Гель для душа SOKOLOV Black Pepper&Tonka , 400мл","lenta","2026-09-17 15:07:02.531",273.69,159.99,"provisional"
"prod_1a3ca9025ba79f64","Гель для душа SOKOLOV Black Pepper&Tonka , 400мл","lenta","2026-09-17 15:18:19.080",273.69,159.99,"provisional"
"prod_1a3ca9025ba79f64","Гель для душа SOKOLOV Black Pepper&Tonka , 400мл","lenta","2026-09-17 15:49:29.411",273.69,159.99,"provisional"
"prod_1a3ca9025ba79f64","Гель для душа SOKOLOV Black Pepper&Tonka , 400мл","lenta","2026-09-17 16:38:11.063",273.69,159.99,"provisional"
"prod_1ce85aaf7ae3a9d6","Обложка для автодокументов Staff полиуретан под кожу, Автодокументы, коричневая, 237598","mvideo","2026-09-17 14:43:17.140",580,277,"provisional"
"prod_1ce85aaf7ae3a9d6","Обложка для автодокументов Staff полиуретан под кожу, Автодокументы, коричневая, 237598","mvideo","2026-09-17 14:53:23.784",580,277,"provisional"
"prod_1ce85aaf7ae3a9d6","Обложка для автодокументов Staff полиуретан под кожу, Автодокументы, коричневая, 237598","mvideo","2026-09-17 15:03:26.679",580,277,"provisional"
"prod_1ce85aaf7ae3a9d6","Обложка для автодокументов Staff полиуретан под кожу, Автодокументы, коричневая, 237598","mvideo","2026-09-17 15:13:29.223",580,277,"provisional"
"prod_1ce85aaf7ae3a9d6","Обложка для автодокументов Staff полиуретан под кожу, Автодокументы, коричневая, 237598","mvideo","2026-09-17 15:23:32.178",580,277,"provisional"
"prod_1ce85aaf7ae3a9d6","Обложка для автодокументов Staff полиуретан под кожу, Автодокументы, коричневая, 237598","mvideo","2026-09-17 16:31:23.275",580,277,"provisional"
"prod_1ce85aaf7ae3a9d6","Обложка для автодокументов Staff полиуретан под кожу, Автодокументы, коричневая, 237598","mvideo","2026-09-17 16:41:24.857",580,277,"provisional"
"prod_1d885b0e2585992d","Карите Набор Маленькие радости","iledebeaute","2026-09-17 15:06:08.052",2844,1706,"provisional"
"prod_1d885b0e2585992d","Карите Набор Маленькие радости","iledebeaute","2026-09-17 15:17:07.819",2844,1706,"provisional"
"prod_1d885b0e2585992d","Карите Набор Маленькие радости","iledebeaute","2026-09-17 15:28:24.459",2844,1706,"provisional"
"prod_1d885b0e2585992d","Карите Набор Маленькие радости","iledebeaute","2026-09-17 16:37:09.230",2844,1706,"provisional"
"prod_203c8a6b8f2a2852","Килт банный для мужчин Everliness Килт махровый мужской с вышивкой","mvideo","2026-09-17 14:43:17.138",2500,1707,"provisional"
"prod_203c8a6b8f2a2852","Килт банный для мужчин Everliness Килт махровый мужской с вышивкой","mvideo","2026-09-17 14:53:23.781",2500,1707,"provisional"
"prod_203c8a6b8f2a2852","Килт банный для мужчин Everliness Килт махровый мужской с вышивкой","mvideo","2026-09-17 15:03:26.677",2500,1707,"provisional"
"prod_203c8a6b8f2a2852","Килт банный для мужчин Everliness Килт махровый мужской с вышивкой","mvideo","2026-09-17 15:13:29.222",2500,1707,"provisional"
"prod_203c8a6b8f2a2852","Килт банный для мужчин Everliness Килт махровый мужской с вышивкой","mvideo","2026-09-17 15:23:32.177",2500,1707,"provisional"
"prod_203c8a6b8f2a2852","Килт банный для мужчин Everliness Килт махровый мужской с вышивкой","mvideo","2026-09-17 16:31:23.274",2500,1707,"provisional"
"prod_203c8a6b8f2a2852","Килт банный для мужчин Everliness Килт махровый мужской с вышивкой","mvideo","2026-09-17 16:41:24.856",2500,1707,"provisional"
"prod_206d158aa149d5f8","Тонер-пэды для лица `DR. ALTHEA` ANASTATICA SKIN CONDITIONING PAD увлажняющие с экстрактом иерихонской розы 65 шт","podruzhka","2026-09-17 15:05:41.613",3152,2679,"provisional"
"prod_206d158aa149d5f8","Тонер-пэды для лица `DR. ALTHEA` ANASTATICA SKIN CONDITIONING PAD увлажняющие с экстрактом иерихонской розы 65 шт","podruzhka","2026-09-17 15:15:47.452",3152,2679,"provisional"
"prod_206d158aa149d5f8","Тонер-пэды для лица `DR. ALTHEA` ANASTATICA SKIN CONDITIONING PAD увлажняющие с экстрактом иерихонской розы 65 шт","podruzhka","2026-09-17 15:25:51.643",3152,2679,"provisional"
"prod_206d158aa149d5f8","Тонер-пэды для лица `DR. ALTHEA` ANASTATICA SKIN CONDITIONING PAD увлажняющие с экстрактом иерихонской розы 65 шт","podruzhka","2026-09-17 16:33:44.879",3152,2679,"provisional"
"prod_27ddb5693e7ad6b5","Паштет шпротный , 160г","lenta","2026-09-17 14:43:26.704",45.29,42.99,"provisional"
"prod_27ddb5693e7ad6b5","Паштет шпротный , 160г","lenta","2026-09-17 14:54:40.529",45.29,42.99,"provisional"
"prod_27ddb5693e7ad6b5","Паштет шпротный , 160г","lenta","2026-09-17 15:05:59.604",45.29,42.99,"provisional"
"prod_27ddb5693e7ad6b5","Паштет шпротный , 160г","lenta","2026-09-17 15:17:20.697",45.29,42.99,"provisional"
"prod_27ddb5693e7ad6b5","Паштет шпротный , 160г","lenta","2026-09-17 15:28:34.182",45.29,42.99,"provisional"
"prod_27ddb5693e7ad6b5","Паштет шпротный , 160г","lenta","2026-09-17 16:37:17.955",45.29,42.99,"provisional"
"prod_28af3758572fbd36","Скраб для тела Synergetic Эластичность и сияние кожи, сандал и ягоды можжевельника, 300 мл","magnit","2026-09-17 14:43:16.367",499.99,387.99,"provisional"
"prod_28af3758572fbd36","Скраб для тела Synergetic Эластичность и сияние кожи, сандал и ягоды можжевельника, 300 мл","magnit","2026-09-17 14:53:18.573",499.99,387.99,"provisional"
"prod_28af3758572fbd36","Скраб для тела Synergetic Эластичность и сияние кожи, сандал и ягоды можжевельника, 300 мл","magnit","2026-09-17 15:03:19.688",499.99,387.99,"provisional"
"prod_28af3758572fbd36","Скраб для тела Synergetic Эластичность и сияние кожи, сандал и ягоды можжевельника, 300 мл","magnit","2026-09-17 15:13:20.518",499.99,387.99,"provisional"
"prod_28af3758572fbd36","Скраб для тела Synergetic Эластичность и сияние кожи, сандал и ягоды можжевельника, 300 мл","magnit","2026-09-17 15:23:21.447",499.99,387.99,"provisional"
"prod_28af3758572fbd36","Скраб для тела Synergetic Эластичность и сияние кожи, сандал и ягоды можжевельника, 300 мл","magnit","2026-09-17 16:31:12.508",499.99,387.99,"provisional"
"prod_28af3758572fbd36","Скраб для тела Synergetic Эластичность и сияние кожи, сандал и ягоды можжевельника, 300 мл","magnit","2026-09-17 16:41:13.539",499.99,387.99,"provisional"
"prod_292c0faabb283463","Sumptuous Extreme Mascara Тушь для ресниц","iledebeaute","2026-09-17 15:05:59.507",5300,3180,"provisional"
"prod_292c0faabb283463","Sumptuous Extreme Mascara Тушь для ресниц","iledebeaute","2026-09-17 15:16:59.441",5300,3180,"provisional"
"prod_292c0faabb283463","Sumptuous Extreme Mascara Тушь для ресниц","iledebeaute","2026-09-17 15:28:16.238",5300,3180,"provisional"
"prod_292c0faabb283463","Sumptuous Extreme Mascara Тушь для ресниц","iledebeaute","2026-09-17 16:37:01.840",5300,3180,"provisional"
"prod_2d3521aac6d1ac49","GOLDEN EYESHADOW PALETTE Палетка теней","iledebeaute","2026-09-17 15:05:53.936",11210,7847,"provisional"
"prod_2d3521aac6d1ac49","GOLDEN EYESHADOW PALETTE Палетка теней","iledebeaute","2026-09-17 15:16:54.017",11210,7847,"provisional"
"prod_2d3521aac6d1ac49","GOLDEN EYESHADOW PALETTE Палетка теней","iledebeaute","2026-09-17 15:28:10.721",11210,7847,"provisional"
"prod_2d3521aac6d1ac49","GOLDEN EYESHADOW PALETTE Палетка теней","iledebeaute","2026-09-17 16:36:56.930",11210,7847,"provisional"
"prod_2eca1dfabfaa0852","Пудра для лица `MIXIT` MINERAL POWDER фиксирующая минеральная","podruzhka","2026-09-17 15:05:45.833",978,451,"provisional"
"prod_2eca1dfabfaa0852","Пудра для лица `MIXIT` MINERAL POWDER фиксирующая минеральная","podruzhka","2026-09-17 15:15:50.158",978,451,"provisional"
"prod_2eca1dfabfaa0852","Пудра для лица `MIXIT` MINERAL POWDER фиксирующая минеральная","podruzhka","2026-09-17 15:25:54.197",978,451,"provisional"
"prod_2eca1dfabfaa0852","Пудра для лица `MIXIT` MINERAL POWDER фиксирующая минеральная","podruzhka","2026-09-17 16:33:47.595",978,451,"provisional"
"prod_2fc96355426d7093","Салат Филадельфия с филе‑кусочками форели радужной слабосоленой РЕСТО ШИК , 180г","lenta","2026-09-17 14:44:03.914",136.89,129.99,"provisional"
"prod_2fc96355426d7093","Салат Филадельфия с филе‑кусочками форели радужной слабосоленой РЕСТО ШИК , 180г","lenta","2026-09-17 14:55:18.658",136.89,129.99,"provisional"
"prod_2fc96355426d7093","Салат Филадельфия с филе‑кусочками форели радужной слабосоленой РЕСТО ШИК , 180г","lenta","2026-09-17 15:06:40.161",136.89,129.99,"provisional"
"prod_2fc96355426d7093","Салат Филадельфия с филе‑кусочками форели радужной слабосоленой РЕСТО ШИК , 180г","lenta","2026-09-17 15:17:55.068",136.89,129.99,"provisional"
"prod_2fc96355426d7093","Салат Филадельфия с филе‑кусочками форели радужной слабосоленой РЕСТО ШИК , 180г","lenta","2026-09-17 16:37:49.937",136.89,129.99,"provisional"
"prod_33074871efec343b","NUDE MINI Палетка теней","iledebeaute","2026-09-17 15:06:02.406",4370,2185,"provisional"
"prod_33074871efec343b","NUDE MINI Палетка теней","iledebeaute","2026-09-17 15:17:02.256",4370,2185,"provisional"
"prod_33074871efec343b","NUDE MINI Палетка теней","iledebeaute","2026-09-17 15:28:19.038",4370,2185,"provisional"
"prod_33074871efec343b","NUDE MINI Палетка теней","iledebeaute","2026-09-17 16:37:04.319",4370,2185,"provisional"
"prod_350ba040c014fdf1","Стиральная машина Gressel UWC301 белый","holodilnik","2026-09-17 15:05:38.992",33999,22299,"provisional"
"prod_350ba040c014fdf1","Стиральная машина Gressel UWC301 белый","holodilnik","2026-09-17 15:15:40.492",33999,22299,"provisional"
"prod_350ba040c014fdf1","Стиральная машина Gressel UWC301 белый","holodilnik","2026-09-17 15:25:41.616",33999,22299,"provisional"
"prod_350ba040c014fdf1","Стиральная машина Gressel UWC301 белый","holodilnik","2026-09-17 16:33:31.801",33999,22299,"provisional"
"prod_350ba040c014fdf1","Стиральная машина Gressel UWC301 белый","holodilnik","2026-09-17 16:43:32.607",33999,22299,"provisional"
"prod_37c024a322f359f8","Сыворотка для кожи вокруг глаз `AXIS-Y` с гиалуроновой кислотой и комплексом пептидов 10 мл","podruzhka","2026-09-17 15:05:41.608",2745,1177,"provisional"
"prod_37c024a322f359f8","Сыворотка для кожи вокруг глаз `AXIS-Y` с гиалуроновой кислотой и комплексом пептидов 10 мл","podruzhka","2026-09-17 15:15:47.450",2745,1177,"provisional"
"prod_37c024a322f359f8","Сыворотка для кожи вокруг глаз `AXIS-Y` с гиалуроновой кислотой и комплексом пептидов 10 мл","podruzhka","2026-09-17 15:25:51.640",2745,1177,"provisional"
"prod_37c024a322f359f8","Сыворотка для кожи вокруг глаз `AXIS-Y` с гиалуроновой кислотой и комплексом пептидов 10 мл","podruzhka","2026-09-17 16:33:44.878",2745,1177,"provisional"
"prod_3957c8186b2f7154","Зубная щетка JUICY LAB Magic Brush с ионами серебра, мягкая , 1 шт","lenta","2026-09-17 14:43:36.381",357.89,199.99,"provisional"
"prod_3957c8186b2f7154","Зубная щетка JUICY LAB Magic Brush с ионами серебра, мягкая , 1 шт","lenta","2026-09-17 14:54:51.613",357.89,199.99,"provisional"
"prod_3957c8186b2f7154","Зубная щетка JUICY LAB Magic Brush с ионами серебра, мягкая , 1 шт","lenta","2026-09-17 15:06:08.791",357.89,199.99,"provisional"
"prod_3957c8186b2f7154","Зубная щетка JUICY LAB Magic Brush с ионами серебра, мягкая , 1 шт","lenta","2026-09-17 15:17:30.247",357.89,199.99,"provisional"
"prod_3957c8186b2f7154","Зубная щетка JUICY LAB Magic Brush с ионами серебра, мягкая , 1 шт","lenta","2026-09-17 15:28:44.005",357.89,199.99,"provisional"
"prod_3957c8186b2f7154","Зубная щетка JUICY LAB Magic Brush с ионами серебра, мягкая , 1 шт","lenta","2026-09-17 16:37:26.697",357.89,199.99,"provisional"
"prod_3990e343bc29ca7a","Аксессуар для дайвинга DJI Комплект для дайвинга Osmo Action Diving Accessory Kit","mvideo","2026-09-17 14:43:17.161",12318,7025,"provisional"
"prod_3990e343bc29ca7a","Аксессуар для дайвинга DJI Комплект для дайвинга Osmo Action Diving Accessory Kit","mvideo","2026-09-17 14:53:23.804",12318,7025,"provisional"
"prod_3990e343bc29ca7a","Аксессуар для дайвинга DJI Комплект для дайвинга Osmo Action Diving Accessory Kit","mvideo","2026-09-17 15:03:26.689",12318,7025,"provisional"
"prod_3990e343bc29ca7a","Аксессуар для дайвинга DJI Комплект для дайвинга Osmo Action Diving Accessory Kit","mvideo","2026-09-17 15:13:29.237",12318,7025,"provisional"
"prod_3990e343bc29ca7a","Аксессуар для дайвинга DJI Комплект для дайвинга Osmo Action Diving Accessory Kit","mvideo","2026-09-17 15:23:32.188",12318,7025,"provisional"
"prod_3990e343bc29ca7a","Аксессуар для дайвинга DJI Комплект для дайвинга Osmo Action Diving Accessory Kit","mvideo","2026-09-17 16:31:23.282",12318,7025,"provisional"
"prod_3990e343bc29ca7a","Аксессуар для дайвинга DJI Комплект для дайвинга Osmo Action Diving Accessory Kit","mvideo","2026-09-17 16:41:24.864",12318,7025,"provisional"
"prod_3af860672ce20643","Шампунь для волос SOKOLOV Dark Cherry&Almond, для восстановления , 750мл","lenta","2026-09-17 14:43:42.820",2104.22,549.99,"provisional"
"prod_3af860672ce20643","Шампунь для волос SOKOLOV Dark Cherry&Almond, для восстановления , 750мл","lenta","2026-09-17 14:54:58.478",2104.22,549.99,"provisional"
"prod_3af860672ce20643","Шампунь для волос SOKOLOV Dark Cherry&Almond, для восстановления , 750мл","lenta","2026-09-17 15:06:15.634",2104.22,549.99,"provisional"
"prod_3af860672ce20643","Шампунь для волос SOKOLOV Dark Cherry&Almond, для восстановления , 750мл","lenta","2026-09-17 15:17:36.716",2104.22,549.99,"provisional"
"prod_3af860672ce20643","Шампунь для волос SOKOLOV Dark Cherry&Almond, для восстановления , 750мл","lenta","2026-09-17 15:28:50.804",2104.22,549.99,"provisional"
"prod_3af860672ce20643","Шампунь для волос SOKOLOV Dark Cherry&Almond, для восстановления , 750мл","lenta","2026-09-17 16:37:32.144",2104.22,549.99,"provisional"
"prod_3ba7a4f25eb86dba","Стиральная машина Haier HW70-BP12959AE","holodilnik","2026-09-17 15:05:38.979",50999,42499,"provisional"
"prod_3ba7a4f25eb86dba","Стиральная машина Haier HW70-BP12959AE","holodilnik","2026-09-17 15:15:40.483",50999,42499,"provisional"
"prod_3ba7a4f25eb86dba","Стиральная машина Haier HW70-BP12959AE","holodilnik","2026-09-17 15:25:41.609",50999,42499,"provisional"
"prod_3ba7a4f25eb86dba","Стиральная машина Haier HW70-BP12959AE","holodilnik","2026-09-17 16:33:31.790",50999,42499,"provisional"
"prod_3ba7a4f25eb86dba","Стиральная машина Haier HW70-BP12959AE","holodilnik","2026-09-17 16:43:32.596",50999,42499,"provisional"
"prod_3c135266f5461fc2","Пенка для умывания `CELIMAX` слабокислотная 150 мл","podruzhka","2026-09-17 15:05:45.834",1780,567,"provisional"
"prod_3c135266f5461fc2","Пенка для умывания `CELIMAX` слабокислотная 150 мл","podruzhka","2026-09-17 15:15:50.158",1780,567,"provisional"
"prod_3c135266f5461fc2","Пенка для умывания `CELIMAX` слабокислотная 150 мл","podruzhka","2026-09-17 15:25:54.197",1780,567,"provisional"
"prod_3c135266f5461fc2","Пенка для умывания `CELIMAX` слабокислотная 150 мл","podruzhka","2026-09-17 16:33:47.596",1780,567,"provisional"
"prod_3d7726d106d507bd","Крем для лица `NSC` ниацинамид глубокое восстановление и сияние кожи с витамином C 120 мл","podruzhka","2026-09-17 15:05:45.838",679,420,"provisional"
"prod_3d7726d106d507bd","Крем для лица `NSC` ниацинамид глубокое восстановление и сияние кожи с витамином C 120 мл","podruzhka","2026-09-17 15:15:50.160",679,420,"provisional"
"prod_3d7726d106d507bd","Крем для лица `NSC` ниацинамид глубокое восстановление и сияние кожи с витамином C 120 мл","podruzhka","2026-09-17 15:25:54.199",679,420,"provisional"
"prod_3d7726d106d507bd","Крем для лица `NSC` ниацинамид глубокое восстановление и сияние кожи с витамином C 120 мл","podruzhka","2026-09-17 16:33:47.597",679,420,"provisional"
"prod_41bfbe38feba5250","Стиральная машина Beko WRE6512ZAW","holodilnik","2026-09-17 15:05:38.940",28990,28699,"provisional"
"prod_41bfbe38feba5250","Стиральная машина Beko WRE6512ZAW","holodilnik","2026-09-17 15:15:40.463",28990,28699,"provisional"
"prod_41bfbe38feba5250","Стиральная машина Beko WRE6512ZAW","holodilnik","2026-09-17 15:25:41.597",28990,28699,"provisional"
"prod_41bfbe38feba5250","Стиральная машина Beko WRE6512ZAW","holodilnik","2026-09-17 16:33:31.781",28990,28699,"provisional"
"prod_41bfbe38feba5250","Стиральная машина Beko WRE6512ZAW","holodilnik","2026-09-17 16:43:32.584",28990,28699,"provisional"
"prod_41f71a665d573856","Лодочный мотор MARLIN MP 9.9 (15) AMHS, двухтактный, бензиновый","mvideo","2026-09-17 14:43:17.130",131200,122496,"provisional"
"prod_41f71a665d573856","Лодочный мотор MARLIN MP 9.9 (15) AMHS, двухтактный, бензиновый","mvideo","2026-09-17 14:53:23.774",131200,122496,"provisional"
"prod_41f71a665d573856","Лодочный мотор MARLIN MP 9.9 (15) AMHS, двухтактный, бензиновый","mvideo","2026-09-17 15:03:26.671",131200,122496,"provisional"
"prod_41f71a665d573856","Лодочный мотор MARLIN MP 9.9 (15) AMHS, двухтактный, бензиновый","mvideo","2026-09-17 15:13:29.213",131200,122496,"provisional"
"prod_41f71a665d573856","Лодочный мотор MARLIN MP 9.9 (15) AMHS, двухтактный, бензиновый","mvideo","2026-09-17 15:23:32.169",131200,122496,"provisional"
"prod_41f71a665d573856","Лодочный мотор MARLIN MP 9.9 (15) AMHS, двухтактный, бензиновый","mvideo","2026-09-17 16:31:23.269",131200,122496,"provisional"
"prod_41f71a665d573856","Лодочный мотор MARLIN MP 9.9 (15) AMHS, двухтактный, бензиновый","mvideo","2026-09-17 16:41:24.852",131200,122496,"provisional"
"prod_4332e8cee8b3ede7","Ампула для лица `COSNORI` PANTHE-SHOT 675 с пантенолом и микроиглами 50 мл","podruzhka","2026-09-17 15:05:41.617",2790,1674,"provisional"
"prod_4332e8cee8b3ede7","Ампула для лица `COSNORI` PANTHE-SHOT 675 с пантенолом и микроиглами 50 мл","podruzhka","2026-09-17 15:15:47.453",2790,1674,"provisional"
"prod_4332e8cee8b3ede7","Ампула для лица `COSNORI` PANTHE-SHOT 675 с пантенолом и микроиглами 50 мл","podruzhka","2026-09-17 15:25:51.645",2790,1674,"provisional"
"prod_4332e8cee8b3ede7","Ампула для лица `COSNORI` PANTHE-SHOT 675 с пантенолом и микроиглами 50 мл","podruzhka","2026-09-17 16:33:44.881",2790,1674,"provisional"
"prod_4481a3e65274398c","Стиральная машина Stinol WSTS 610 E","holodilnik","2026-09-17 15:05:38.988",25490,21299,"provisional"
"prod_4481a3e65274398c","Стиральная машина Stinol WSTS 610 E","holodilnik","2026-09-17 15:15:40.490",25490,21299,"provisional"
"prod_4481a3e65274398c","Стиральная машина Stinol WSTS 610 E","holodilnik","2026-09-17 15:25:41.614",25490,21299,"provisional"
"prod_4481a3e65274398c","Стиральная машина Stinol WSTS 610 E","holodilnik","2026-09-17 16:33:31.799",25490,21299,"provisional"
"prod_4481a3e65274398c","Стиральная машина Stinol WSTS 610 E","holodilnik","2026-09-17 16:43:32.605",25490,21299,"provisional"
"prod_45b70ae1eeb2d76e","Мармелад жевательный Juuums вкус клубника со сливками, 80 г","magnit","2026-09-17 14:43:16.352",119.99,99.99,"provisional"
"prod_45b70ae1eeb2d76e","Мармелад жевательный Juuums вкус клубника со сливками, 80 г","magnit","2026-09-17 14:53:18.562",119.99,99.99,"provisional"
"prod_45b70ae1eeb2d76e","Мармелад жевательный Juuums вкус клубника со сливками, 80 г","magnit","2026-09-17 15:03:19.674",119.99,99.99,"provisional"
"prod_45b70ae1eeb2d76e","Мармелад жевательный Juuums вкус клубника со сливками, 80 г","magnit","2026-09-17 15:13:20.509",119.99,99.99,"provisional"
"prod_45b70ae1eeb2d76e","Мармелад жевательный Juuums вкус клубника со сливками, 80 г","magnit","2026-09-17 15:23:21.436",119.99,99.99,"provisional"
"prod_45b70ae1eeb2d76e","Мармелад жевательный Juuums вкус клубника со сливками, 80 г","magnit","2026-09-17 16:31:12.500",119.99,99.99,"provisional"
"prod_45b70ae1eeb2d76e","Мармелад жевательный Juuums вкус клубника со сливками, 80 г","magnit","2026-09-17 16:41:13.532",119.99,99.99,"provisional"
"prod_48985ffef0f3b816","Горбуша натуральная , 240г","lenta","2026-09-17 14:43:23.670",178.99,169.99,"provisional"
"prod_48985ffef0f3b816","Горбуша натуральная , 240г","lenta","2026-09-17 14:54:37.704",178.99,169.99,"provisional"
"prod_48985ffef0f3b816","Горбуша натуральная , 240г","lenta","2026-09-17 15:05:56.712",178.99,169.99,"provisional"
"prod_48985ffef0f3b816","Горбуша натуральная , 240г","lenta","2026-09-17 15:17:13.594",178.99,169.99,"provisional"
"prod_48985ffef0f3b816","Горбуша натуральная , 240г","lenta","2026-09-17 15:28:28.328",178.99,169.99,"provisional"
"prod_48985ffef0f3b816","Горбуша натуральная , 240г","lenta","2026-09-17 16:37:14.931",178.99,169.99,"provisional"
"prod_4a0eda8918361861","Monsieur Big Mascara Тушь для ресниц","iledebeaute","2026-09-17 15:06:25.850",5770,4327,"provisional"
"prod_4a0eda8918361861","Monsieur Big Mascara Тушь для ресниц","iledebeaute","2026-09-17 15:17:28.059",5770,4327,"provisional"
"prod_4a0eda8918361861","Monsieur Big Mascara Тушь для ресниц","iledebeaute","2026-09-17 15:28:42.927",5770,4327,"provisional"
"prod_4a0eda8918361861","Monsieur Big Mascara Тушь для ресниц","iledebeaute","2026-09-17 16:37:23.910",5770,4327,"provisional"
"prod_4e7873c5011b15dc","DRAMA SIZED MASCARA Тушь с эффектом накладных ресниц","iledebeaute","2026-09-17 15:06:30.797",2800,1260,"provisional"
"prod_4e7873c5011b15dc","DRAMA SIZED MASCARA Тушь с эффектом накладных ресниц","iledebeaute","2026-09-17 15:17:34.063",2800,1260,"provisional"
"prod_4e7873c5011b15dc","DRAMA SIZED MASCARA Тушь с эффектом накладных ресниц","iledebeaute","2026-09-17 15:28:49.380",2800,1260,"provisional"
"prod_4e7873c5011b15dc","DRAMA SIZED MASCARA Тушь с эффектом накладных ресниц","iledebeaute","2026-09-17 16:37:29.116",2800,1260,"provisional"
"prod_4fe7d8e5bcf10870","Матрасик для пеленания на кроватку Mr Sandman, доска пеленальная на комод, 68х47 см, от 0 до 6 месяцев.","mvideo","2026-09-17 14:43:17.143",5000,2792,"provisional"
"prod_4fe7d8e5bcf10870","Матрасик для пеленания на кроватку Mr Sandman, доска пеленальная на комод, 68х47 см, от 0 до 6 месяцев.","mvideo","2026-09-17 14:53:23.790",5000,2792,"provisional"
"prod_4fe7d8e5bcf10870","Матрасик для пеленания на кроватку Mr Sandman, доска пеленальная на комод, 68х47 см, от 0 до 6 месяцев.","mvideo","2026-09-17 15:03:26.683",5000,2792,"provisional"
"prod_4fe7d8e5bcf10870","Матрасик для пеленания на кроватку Mr Sandman, доска пеленальная на комод, 68х47 см, от 0 до 6 месяцев.","mvideo","2026-09-17 15:13:29.226",5000,2792,"provisional"
"prod_4fe7d8e5bcf10870","Матрасик для пеленания на кроватку Mr Sandman, доска пеленальная на комод, 68х47 см, от 0 до 6 месяцев.","mvideo","2026-09-17 15:23:32.181",5000,2792,"provisional"
"prod_4fe7d8e5bcf10870","Матрасик для пеленания на кроватку Mr Sandman, доска пеленальная на комод, 68х47 см, от 0 до 6 месяцев.","mvideo","2026-09-17 16:31:23.276",5000,2792,"provisional"
"prod_4fe7d8e5bcf10870","Матрасик для пеленания на кроватку Mr Sandman, доска пеленальная на комод, 68х47 см, от 0 до 6 месяцев.","mvideo","2026-09-17 16:41:24.859",5000,2792,"provisional"
"prod_50cc7f7a7b86f7ab","Стакан для ванной Wellfort, стекло Bohemian","magnit","2026-09-17 14:43:16.355",179.99,129.99,"provisional"
"prod_50cc7f7a7b86f7ab","Стакан для ванной Wellfort, стекло Bohemian","magnit","2026-09-17 14:53:18.564",179.99,129.99,"provisional"
"prod_50cc7f7a7b86f7ab","Стакан для ванной Wellfort, стекло Bohemian","magnit","2026-09-17 15:03:19.678",179.99,129.99,"provisional"
"prod_50cc7f7a7b86f7ab","Стакан для ванной Wellfort, стекло Bohemian","magnit","2026-09-17 15:13:20.511",179.99,129.99,"provisional"
"prod_50cc7f7a7b86f7ab","Стакан для ванной Wellfort, стекло Bohemian","magnit","2026-09-17 15:23:21.439",179.99,129.99,"provisional"
"prod_50cc7f7a7b86f7ab","Стакан для ванной Wellfort, стекло Bohemian","magnit","2026-09-17 16:31:12.502",179.99,129.99,"provisional"
"prod_50cc7f7a7b86f7ab","Стакан для ванной Wellfort, стекло Bohemian","magnit","2026-09-17 16:41:13.534",179.99,129.99,"provisional"
"prod_5406ca549009b3b9","Шампунь для волос SOKOLOV Basil&Mandarin, для объема волос , 750 мл","lenta","2026-09-17 14:43:39.605",2104.22,549.99,"provisional"
"prod_5406ca549009b3b9","Шампунь для волос SOKOLOV Basil&Mandarin, для объема волос , 750 мл","lenta","2026-09-17 14:54:55.332",2104.22,549.99,"provisional"
"prod_5406ca549009b3b9","Шампунь для волос SOKOLOV Basil&Mandarin, для объема волос , 750 мл","lenta","2026-09-17 15:06:11.729",2104.22,549.99,"provisional"
"prod_5406ca549009b3b9","Шампунь для волос SOKOLOV Basil&Mandarin, для объема волос , 750 мл","lenta","2026-09-17 15:17:33.652",2104.22,549.99,"provisional"
"prod_5406ca549009b3b9","Шампунь для волос SOKOLOV Basil&Mandarin, для объема волос , 750 мл","lenta","2026-09-17 15:28:47.518",2104.22,549.99,"provisional"
"prod_5406ca549009b3b9","Шампунь для волос SOKOLOV Basil&Mandarin, для объема волос , 750 мл","lenta","2026-09-17 16:37:29.391",2104.22,549.99,"provisional"
"prod_5730126abeae7fd8","Гель для душа SOKOLOV Basil&Mandarin , 400мл","lenta","2026-09-17 14:44:22.977",273.69,159.99,"provisional"
"prod_5730126abeae7fd8","Гель для душа SOKOLOV Basil&Mandarin , 400мл","lenta","2026-09-17 14:55:40.945",273.69,159.99,"provisional"
"prod_5730126abeae7fd8","Гель для душа SOKOLOV Basil&Mandarin , 400мл","lenta","2026-09-17 15:06:59.366",273.69,159.99,"provisional"
"prod_5730126abeae7fd8","Гель для душа SOKOLOV Basil&Mandarin , 400мл","lenta","2026-09-17 15:18:15.567",273.69,159.99,"provisional"
"prod_5730126abeae7fd8","Гель для душа SOKOLOV Basil&Mandarin , 400мл","lenta","2026-09-17 15:49:26.734",273.69,159.99,"provisional"
"prod_5730126abeae7fd8","Гель для душа SOKOLOV Basil&Mandarin , 400мл","lenta","2026-09-17 16:38:08.085",273.69,159.99,"provisional"
"prod_5905c453c9877f8d","Мороженое Свитлогорье эскимо с драже «Неон» и взрывной карамелью 12%, 80 г","magnit","2026-09-17 14:43:16.349",184.99,119.99,"provisional"
"prod_5905c453c9877f8d","Мороженое Свитлогорье эскимо с драже «Неон» и взрывной карамелью 12%, 80 г","magnit","2026-09-17 14:53:18.560",184.99,119.99,"provisional"
"prod_5905c453c9877f8d","Мороженое Свитлогорье эскимо с драже «Неон» и взрывной карамелью 12%, 80 г","magnit","2026-09-17 15:03:19.673",184.99,119.99,"provisional"
"prod_5905c453c9877f8d","Мороженое Свитлогорье эскимо с драже «Неон» и взрывной карамелью 12%, 80 г","magnit","2026-09-17 15:13:20.507",184.99,119.99,"provisional"
"prod_5905c453c9877f8d","Мороженое Свитлогорье эскимо с драже «Неон» и взрывной карамелью 12%, 80 г","magnit","2026-09-17 15:23:21.435",184.99,119.99,"provisional"
"prod_5905c453c9877f8d","Мороженое Свитлогорье эскимо с драже «Неон» и взрывной карамелью 12%, 80 г","magnit","2026-09-17 16:31:12.499",184.99,119.99,"provisional"
"prod_5905c453c9877f8d","Мороженое Свитлогорье эскимо с драже «Неон» и взрывной карамелью 12%, 80 г","magnit","2026-09-17 16:41:13.531",184.99,119.99,"provisional"
"prod_598e9167c0fb37ad","Defy Дезодорант","iledebeaute","2026-09-17 15:06:33.352",3670,2385,"provisional"
"prod_598e9167c0fb37ad","Defy Дезодорант","iledebeaute","2026-09-17 15:17:36.689",3670,2385,"provisional"
"prod_598e9167c0fb37ad","Defy Дезодорант","iledebeaute","2026-09-17 15:28:52.166",3670,2385,"provisional"
"prod_598e9167c0fb37ad","Defy Дезодорант","iledebeaute","2026-09-17 16:37:31.863",3670,2385,"provisional"
"prod_5a544d6968ced320","Мыльница Wellfort, стекло Bohemian","magnit","2026-09-17 14:43:16.354",149.99,99.99,"provisional"
"prod_5a544d6968ced320","Мыльница Wellfort, стекло Bohemian","magnit","2026-09-17 14:53:18.563",149.99,99.99,"provisional"
"prod_5a544d6968ced320","Мыльница Wellfort, стекло Bohemian","magnit","2026-09-17 15:03:19.676",149.99,99.99,"provisional"
"prod_5a544d6968ced320","Мыльница Wellfort, стекло Bohemian","magnit","2026-09-17 15:13:20.510",149.99,99.99,"provisional"
"prod_5a544d6968ced320","Мыльница Wellfort, стекло Bohemian","magnit","2026-09-17 15:23:21.438",149.99,99.99,"provisional"
"prod_5a544d6968ced320","Мыльница Wellfort, стекло Bohemian","magnit","2026-09-17 16:31:12.501",149.99,99.99,"provisional"
"prod_5a544d6968ced320","Мыльница Wellfort, стекло Bohemian","magnit","2026-09-17 16:41:13.533",149.99,99.99,"provisional"
"prod_5be826adba03ccc0","Мороженое Bahroma пломбир шоколадный чизкейк, черное печенье 12%, 320 г","magnit","2026-09-17 14:43:16.339",769.99,499.99,"provisional"
"prod_5be826adba03ccc0","Мороженое Bahroma пломбир шоколадный чизкейк, черное печенье 12%, 320 г","magnit","2026-09-17 14:53:18.551",769.99,499.99,"provisional"
"prod_5be826adba03ccc0","Мороженое Bahroma пломбир шоколадный чизкейк, черное печенье 12%, 320 г","magnit","2026-09-17 15:03:19.668",769.99,499.99,"provisional"
"prod_5be826adba03ccc0","Мороженое Bahroma пломбир шоколадный чизкейк, черное печенье 12%, 320 г","magnit","2026-09-17 15:13:20.501",769.99,499.99,"provisional"
"prod_5be826adba03ccc0","Мороженое Bahroma пломбир шоколадный чизкейк, черное печенье 12%, 320 г","magnit","2026-09-17 15:23:21.430",769.99,499.99,"provisional"
"prod_5be826adba03ccc0","Мороженое Bahroma пломбир шоколадный чизкейк, черное печенье 12%, 320 г","magnit","2026-09-17 16:31:12.496",769.99,499.99,"provisional"
"prod_5be826adba03ccc0","Мороженое Bahroma пломбир шоколадный чизкейк, черное печенье 12%, 320 г","magnit","2026-09-17 16:41:13.527",769.99,499.99,"provisional"
"prod_5c6a64bbe3f7cd80","Скраб для тела Synergetic антицеллюлитный Пачули и ароматный бергамот, 300 мл","magnit","2026-09-17 14:43:16.375",499.99,369.99,"provisional"
"prod_5c6a64bbe3f7cd80","Скраб для тела Synergetic антицеллюлитный Пачули и ароматный бергамот, 300 мл","magnit","2026-09-17 14:53:18.579",499.99,369.99,"provisional"
"prod_5c6a64bbe3f7cd80","Скраб для тела Synergetic антицеллюлитный Пачули и ароматный бергамот, 300 мл","magnit","2026-09-17 15:03:19.694",499.99,369.99,"provisional"
"prod_5c6a64bbe3f7cd80","Скраб для тела Synergetic антицеллюлитный Пачули и ароматный бергамот, 300 мл","magnit","2026-09-17 15:13:20.524",499.99,369.99,"provisional"
"prod_5c6a64bbe3f7cd80","Скраб для тела Synergetic антицеллюлитный Пачули и ароматный бергамот, 300 мл","magnit","2026-09-17 15:23:21.451",499.99,369.99,"provisional"
"prod_5c6a64bbe3f7cd80","Скраб для тела Synergetic антицеллюлитный Пачули и ароматный бергамот, 300 мл","magnit","2026-09-17 16:31:12.511",499.99,369.99,"provisional"
"prod_5c6a64bbe3f7cd80","Скраб для тела Synergetic антицеллюлитный Пачули и ароматный бергамот, 300 мл","magnit","2026-09-17 16:41:13.543",499.99,369.99,"provisional"
"prod_5ce5cda4f9a38006","Филе куриное в хрустящей корочке с кисло‑сладким соусом РЕСТО ШИК , 200г","lenta","2026-09-17 14:44:12.827",199.99,189.99,"provisional"
"prod_5ce5cda4f9a38006","Филе куриное в хрустящей корочке с кисло‑сладким соусом РЕСТО ШИК , 200г","lenta","2026-09-17 14:55:31.863",199.99,189.99,"provisional"
"prod_5ce5cda4f9a38006","Филе куриное в хрустящей корочке с кисло‑сладким соусом РЕСТО ШИК , 200г","lenta","2026-09-17 15:06:49.177",199.99,189.99,"provisional"
"prod_5ce5cda4f9a38006","Филе куриное в хрустящей корочке с кисло‑сладким соусом РЕСТО ШИК , 200г","lenta","2026-09-17 15:18:05.495",199.99,189.99,"provisional"
"prod_5ce5cda4f9a38006","Филе куриное в хрустящей корочке с кисло‑сладким соусом РЕСТО ШИК , 200г","lenta","2026-09-17 16:37:58.834",199.99,189.99,"provisional"
"prod_602bc172f7aca7a4","Мяч гимнастический фитбол 75 см","mvideo","2026-09-17 14:43:17.137",3311,2016,"provisional"
"prod_602bc172f7aca7a4","Мяч гимнастический фитбол 75 см","mvideo","2026-09-17 14:53:23.779",3311,2016,"provisional"
"prod_602bc172f7aca7a4","Мяч гимнастический фитбол 75 см","mvideo","2026-09-17 15:03:26.676",3311,2016,"provisional"
"prod_602bc172f7aca7a4","Мяч гимнастический фитбол 75 см","mvideo","2026-09-17 15:13:29.220",3311,2016,"provisional"
"prod_602bc172f7aca7a4","Мяч гимнастический фитбол 75 см","mvideo","2026-09-17 15:23:32.176",3311,2016,"provisional"
"prod_602bc172f7aca7a4","Мяч гимнастический фитбол 75 см","mvideo","2026-09-17 16:31:23.273",3311,2016,"provisional"
"prod_602bc172f7aca7a4","Мяч гимнастический фитбол 75 см","mvideo","2026-09-17 16:41:24.855",3311,2016,"provisional"
"prod_607ae73404b90a7f","Стиральная машина Stinol WSTU 410 B","holodilnik","2026-09-17 15:05:38.985",22490,20499,"provisional"
"prod_607ae73404b90a7f","Стиральная машина Stinol WSTU 410 B","holodilnik","2026-09-17 15:15:40.488",22490,20499,"provisional"
"prod_607ae73404b90a7f","Стиральная машина Stinol WSTU 410 B","holodilnik","2026-09-17 15:25:41.612",22490,20499,"provisional"
"prod_607ae73404b90a7f","Стиральная машина Stinol WSTU 410 B","holodilnik","2026-09-17 16:33:31.797",22490,20499,"provisional"
"prod_607ae73404b90a7f","Стиральная машина Stinol WSTU 410 B","holodilnik","2026-09-17 16:43:32.603",22490,20499,"provisional"
"prod_61c4d629aa2094af","Скраб для тела Рецепты бабушки Агафьи морошка на сахаре, 300 мл","magnit","2026-09-17 14:43:16.365",229.99,199.99,"provisional"
"prod_61c4d629aa2094af","Скраб для тела Рецепты бабушки Агафьи морошка на сахаре, 300 мл","magnit","2026-09-17 14:53:18.572",229.99,199.99,"provisional"
"prod_61c4d629aa2094af","Скраб для тела Рецепты бабушки Агафьи морошка на сахаре, 300 мл","magnit","2026-09-17 15:03:19.687",229.99,199.99,"provisional"
"prod_61c4d629aa2094af","Скраб для тела Рецепты бабушки Агафьи морошка на сахаре, 300 мл","magnit","2026-09-17 15:13:20.517",229.99,199.99,"provisional"
"prod_61c4d629aa2094af","Скраб для тела Рецепты бабушки Агафьи морошка на сахаре, 300 мл","magnit","2026-09-17 15:23:21.445",229.99,199.99,"provisional"
"prod_61c4d629aa2094af","Скраб для тела Рецепты бабушки Агафьи морошка на сахаре, 300 мл","magnit","2026-09-17 16:31:12.507",229.99,199.99,"provisional"
"prod_61c4d629aa2094af","Скраб для тела Рецепты бабушки Агафьи морошка на сахаре, 300 мл","magnit","2026-09-17 16:41:13.538",229.99,199.99,"provisional"
"prod_63824390026c58c5","Скраб для тела Synergetic Цветущий инжир и лотос, 300 мл","magnit","2026-09-17 14:43:16.369",499.99,387.99,"provisional"
"prod_63824390026c58c5","Скраб для тела Synergetic Цветущий инжир и лотос, 300 мл","magnit","2026-09-17 14:53:18.574",499.99,387.99,"provisional"
"prod_63824390026c58c5","Скраб для тела Synergetic Цветущий инжир и лотос, 300 мл","magnit","2026-09-17 15:03:19.689",499.99,387.99,"provisional"
"prod_63824390026c58c5","Скраб для тела Synergetic Цветущий инжир и лотос, 300 мл","magnit","2026-09-17 15:13:20.519",499.99,387.99,"provisional"
"prod_63824390026c58c5","Скраб для тела Synergetic Цветущий инжир и лотос, 300 мл","magnit","2026-09-17 15:23:21.448",499.99,387.99,"provisional"
"prod_63824390026c58c5","Скраб для тела Synergetic Цветущий инжир и лотос, 300 мл","magnit","2026-09-17 16:31:12.509",499.99,387.99,"provisional"
"prod_63824390026c58c5","Скраб для тела Synergetic Цветущий инжир и лотос, 300 мл","magnit","2026-09-17 16:41:13.540",499.99,387.99,"provisional"
"prod_648d04b3570c1067","Крем-спрей для волос `MIXIT` RE:START многофункциональный 15в1 250 мл","podruzhka","2026-09-17 15:05:45.837",528,271,"provisional"
"prod_648d04b3570c1067","Крем-спрей для волос `MIXIT` RE:START многофункциональный 15в1 250 мл","podruzhka","2026-09-17 15:15:50.159",528,271,"provisional"
"prod_648d04b3570c1067","Крем-спрей для волос `MIXIT` RE:START многофункциональный 15в1 250 мл","podruzhka","2026-09-17 15:25:54.198",528,271,"provisional"
"prod_648d04b3570c1067","Крем-спрей для волос `MIXIT` RE:START многофункциональный 15в1 250 мл","podruzhka","2026-09-17 16:33:47.596",528,271,"provisional"
"prod_65050a5317e73975","Фартук рабочий ProfiCool Непромокаемый фартук профессиональный для работы","mvideo","2026-09-17 14:43:17.146",2682,1103,"provisional"
"prod_65050a5317e73975","Фартук рабочий ProfiCool Непромокаемый фартук профессиональный для работы","mvideo","2026-09-17 14:53:23.795",2682,1103,"provisional"
"prod_65050a5317e73975","Фартук рабочий ProfiCool Непромокаемый фартук профессиональный для работы","mvideo","2026-09-17 15:03:26.685",2682,1103,"provisional"
"prod_65050a5317e73975","Фартук рабочий ProfiCool Непромокаемый фартук профессиональный для работы","mvideo","2026-09-17 15:13:29.230",2682,1103,"provisional"
"prod_65050a5317e73975","Фартук рабочий ProfiCool Непромокаемый фартук профессиональный для работы","mvideo","2026-09-17 15:23:32.184",2682,1103,"provisional"
"prod_65050a5317e73975","Фартук рабочий ProfiCool Непромокаемый фартук профессиональный для работы","mvideo","2026-09-17 16:31:23.279",2682,1103,"provisional"
"prod_65050a5317e73975","Фартук рабочий ProfiCool Непромокаемый фартук профессиональный для работы","mvideo","2026-09-17 16:41:24.861",2682,1103,"provisional"
"prod_693e94418bf94ca0","Мармелад жевательный ORION Tinglezz со вкусом колы и лайма , 75г","lenta","2026-09-17 14:43:50.651",315.79,254.99,"provisional"
"prod_693e94418bf94ca0","Мармелад жевательный ORION Tinglezz со вкусом колы и лайма , 75г","lenta","2026-09-17 14:55:04.637",315.79,254.99,"provisional"
"prod_693e94418bf94ca0","Мармелад жевательный ORION Tinglezz со вкусом колы и лайма , 75г","lenta","2026-09-17 15:06:26.495",315.79,254.99,"provisional"
"prod_693e94418bf94ca0","Мармелад жевательный ORION Tinglezz со вкусом колы и лайма , 75г","lenta","2026-09-17 15:17:42.551",315.79,254.99,"provisional"
"prod_693e94418bf94ca0","Мармелад жевательный ORION Tinglezz со вкусом колы и лайма , 75г","lenta","2026-09-17 16:37:37.960",315.79,254.99,"provisional"
"prod_6d4ca4b35f51aeed","Яйцо шоколадное MEGA SECRET Пираты-прилипалы , 20г","lenta","2026-09-17 14:44:00.680",61.09,49.99,"provisional"
"prod_6d4ca4b35f51aeed","Яйцо шоколадное MEGA SECRET Пираты-прилипалы , 20г","lenta","2026-09-17 14:55:13.619",61.09,49.99,"provisional"
"prod_6d4ca4b35f51aeed","Яйцо шоколадное MEGA SECRET Пираты-прилипалы , 20г","lenta","2026-09-17 15:06:37.180",61.09,49.99,"provisional"
"prod_6d4ca4b35f51aeed","Яйцо шоколадное MEGA SECRET Пираты-прилипалы , 20г","lenta","2026-09-17 15:17:51.633",61.09,49.99,"provisional"
"prod_6d4ca4b35f51aeed","Яйцо шоколадное MEGA SECRET Пираты-прилипалы , 20г","lenta","2026-09-17 16:37:46.862",61.09,49.99,"provisional"
"prod_6e4f288a9869d9a2","Сыворотка для лица `DR. ALTHEA` SKIN RELIEF ESSENCE успокаивающая против несовершенств 30 мл","podruzhka","2026-09-17 15:05:45.832",1785,1320,"provisional"
"prod_6e4f288a9869d9a2","Сыворотка для лица `DR. ALTHEA` SKIN RELIEF ESSENCE успокаивающая против несовершенств 30 мл","podruzhka","2026-09-17 15:15:50.157",1785,1320,"provisional"
"prod_6e4f288a9869d9a2","Сыворотка для лица `DR. ALTHEA` SKIN RELIEF ESSENCE успокаивающая против несовершенств 30 мл","podruzhka","2026-09-17 15:25:54.196",1785,1320,"provisional"
"prod_6e4f288a9869d9a2","Сыворотка для лица `DR. ALTHEA` SKIN RELIEF ESSENCE успокаивающая против несовершенств 30 мл","podruzhka","2026-09-17 16:33:47.595",1785,1320,"provisional"
"prod_6e5d8b4717e75beb","Стиральная машина Samsung WW60AG4S00CELD","holodilnik","2026-09-17 16:33:31.792",36990,34399,"provisional"
"prod_6e5d8b4717e75beb","Стиральная машина Samsung WW60AG4S00CELD","holodilnik","2026-09-17 16:43:32.598",36990,34399,"provisional"
"prod_6f685630f66e9218","Погремушка ND Play Веселый кролик NDT-004","mvideo","2026-09-17 14:43:17.124",860,824,"provisional"
"prod_6f685630f66e9218","Погремушка ND Play Веселый кролик NDT-004","mvideo","2026-09-17 14:53:23.770",860,824,"provisional"
"prod_6f685630f66e9218","Погремушка ND Play Веселый кролик NDT-004","mvideo","2026-09-17 15:03:26.668",860,824,"provisional"
"prod_6f685630f66e9218","Погремушка ND Play Веселый кролик NDT-004","mvideo","2026-09-17 15:13:29.209",860,824,"provisional"
"prod_6f685630f66e9218","Погремушка ND Play Веселый кролик NDT-004","mvideo","2026-09-17 15:23:32.163",860,824,"provisional"
"prod_6f685630f66e9218","Погремушка ND Play Веселый кролик NDT-004","mvideo","2026-09-17 16:31:23.266",860,824,"provisional"
"prod_6f685630f66e9218","Погремушка ND Play Веселый кролик NDT-004","mvideo","2026-09-17 16:41:24.849",860,824,"provisional"
"prod_6fae1d12871bd861","Lotion Tonique Hydratante Увлажняющий тоник для нормальной и сухой кожи","iledebeaute","2026-09-17 15:06:13.342",3200,2240,"provisional"
"prod_6fae1d12871bd861","Lotion Tonique Hydratante Увлажняющий тоник для нормальной и сухой кожи","iledebeaute","2026-09-17 15:17:15.904",3200,2240,"provisional"
"prod_6fae1d12871bd861","Lotion Tonique Hydratante Увлажняющий тоник для нормальной и сухой кожи","iledebeaute","2026-09-17 15:28:30.696",3200,2240,"provisional"
"prod_6fae1d12871bd861","Lotion Tonique Hydratante Увлажняющий тоник для нормальной и сухой кожи","iledebeaute","2026-09-17 16:37:14.183",3200,2240,"provisional"
"prod_6fe50946c0cfb29b","Гель-ламинатор для бровей `LUXVISAGE` BROW LAMINATOR суперсильной фиксации тон Бесцветный","podruzhka","2026-09-17 15:05:41.614",411,226,"provisional"
"prod_6fe50946c0cfb29b","Гель-ламинатор для бровей `LUXVISAGE` BROW LAMINATOR суперсильной фиксации тон Бесцветный","podruzhka","2026-09-17 15:15:47.452",411,226,"provisional"
"prod_6fe50946c0cfb29b","Гель-ламинатор для бровей `LUXVISAGE` BROW LAMINATOR суперсильной фиксации тон Бесцветный","podruzhka","2026-09-17 15:25:51.643",411,226,"provisional"
"prod_6fe50946c0cfb29b","Гель-ламинатор для бровей `LUXVISAGE` BROW LAMINATOR суперсильной фиксации тон Бесцветный","podruzhka","2026-09-17 16:33:44.880",411,226,"provisional"
"prod_74b2d50e138d2d0a","Шина для мотоциклов Anlas Capra-R 100/90-19 57H","mvideo","2026-09-17 14:43:17.133",18500,14784,"provisional"
"prod_74b2d50e138d2d0a","Шина для мотоциклов Anlas Capra-R 100/90-19 57H","mvideo","2026-09-17 14:53:23.776",18500,14784,"provisional"
"prod_74b2d50e138d2d0a","Шина для мотоциклов Anlas Capra-R 100/90-19 57H","mvideo","2026-09-17 15:03:26.673",18500,14784,"provisional"
"prod_74b2d50e138d2d0a","Шина для мотоциклов Anlas Capra-R 100/90-19 57H","mvideo","2026-09-17 15:13:29.214",18500,14784,"provisional"
"prod_74b2d50e138d2d0a","Шина для мотоциклов Anlas Capra-R 100/90-19 57H","mvideo","2026-09-17 15:23:32.172",18500,14784,"provisional"
"prod_74b2d50e138d2d0a","Шина для мотоциклов Anlas Capra-R 100/90-19 57H","mvideo","2026-09-17 16:31:23.270",18500,14784,"provisional"
"prod_74b2d50e138d2d0a","Шина для мотоциклов Anlas Capra-R 100/90-19 57H","mvideo","2026-09-17 16:41:24.853",18500,14784,"provisional"
"prod_754459bb5e9acffc","Мороженое Коровка из Кореновки Фисташковое пралине с макаронс и миндалем 15%, 300 г","magnit","2026-09-17 14:43:16.337",599.99,449.99,"provisional"
"prod_754459bb5e9acffc","Мороженое Коровка из Кореновки Фисташковое пралине с макаронс и миндалем 15%, 300 г","magnit","2026-09-17 14:53:18.549",599.99,449.99,"provisional"
"prod_754459bb5e9acffc","Мороженое Коровка из Кореновки Фисташковое пралине с макаронс и миндалем 15%, 300 г","magnit","2026-09-17 15:03:19.667",599.99,449.99,"provisional"
"prod_754459bb5e9acffc","Мороженое Коровка из Кореновки Фисташковое пралине с макаронс и миндалем 15%, 300 г","magnit","2026-09-17 15:13:20.499",599.99,449.99,"provisional"
"prod_754459bb5e9acffc","Мороженое Коровка из Кореновки Фисташковое пралине с макаронс и миндалем 15%, 300 г","magnit","2026-09-17 15:23:21.428",599.99,449.99,"provisional"
"prod_754459bb5e9acffc","Мороженое Коровка из Кореновки Фисташковое пралине с макаронс и миндалем 15%, 300 г","magnit","2026-09-17 16:31:12.495",599.99,449.99,"provisional"
"prod_754459bb5e9acffc","Мороженое Коровка из Кореновки Фисташковое пралине с макаронс и миндалем 15%, 300 г","magnit","2026-09-17 16:41:13.527",599.99,449.99,"provisional"
"prod_7b32c23583c4f079","Фетальный допплер для беременных домашний","mvideo","2026-09-17 14:43:17.148",3500,1381,"provisional"
"prod_7b32c23583c4f079","Фетальный допплер для беременных домашний","mvideo","2026-09-17 14:53:23.797",3500,1381,"provisional"
"prod_7b32c23583c4f079","Фетальный допплер для беременных домашний","mvideo","2026-09-17 15:03:26.686",3500,1381,"provisional"
"prod_7b32c23583c4f079","Фетальный допплер для беременных домашний","mvideo","2026-09-17 15:13:29.233",3500,1381,"provisional"
"prod_7b32c23583c4f079","Фетальный допплер для беременных домашний","mvideo","2026-09-17 15:23:32.185",3500,1381,"provisional"
"prod_7b32c23583c4f079","Фетальный допплер для беременных домашний","mvideo","2026-09-17 16:31:23.280",3500,1381,"provisional"
"prod_7b32c23583c4f079","Фетальный допплер для беременных домашний","mvideo","2026-09-17 16:41:24.862",3500,1381,"provisional"
"prod_7d11e51f7aad2c8f","FLAMINGO BLUSH Набор для макияжа","iledebeaute","2026-09-17 15:05:51.198",4990,499,"provisional"
"prod_7d11e51f7aad2c8f","FLAMINGO BLUSH Набор для макияжа","iledebeaute","2026-09-17 15:16:51.368",4990,499,"provisional"
"prod_7d11e51f7aad2c8f","FLAMINGO BLUSH Набор для макияжа","iledebeaute","2026-09-17 15:28:08.152",4990,499,"provisional"
"prod_7d11e51f7aad2c8f","FLAMINGO BLUSH Набор для макияжа","iledebeaute","2026-09-17 16:36:54.333",4990,499,"provisional"
"prod_806189b4ec6b9264","Стиральная машина Candy Aquamatic Evo AQUE 1043D-07","holodilnik","2026-09-17 15:05:39.007",37999,29699,"provisional"
"prod_806189b4ec6b9264","Стиральная машина Candy Aquamatic Evo AQUE 1043D-07","holodilnik","2026-09-17 15:15:40.499",37999,29699,"provisional"
"prod_806189b4ec6b9264","Стиральная машина Candy Aquamatic Evo AQUE 1043D-07","holodilnik","2026-09-17 15:25:41.625",37999,29699,"provisional"
"prod_806189b4ec6b9264","Стиральная машина Candy Aquamatic Evo AQUE 1043D-07","holodilnik","2026-09-17 16:33:31.808",37999,29699,"provisional"
"prod_806189b4ec6b9264","Стиральная машина Candy Aquamatic Evo AQUE 1043D-07","holodilnik","2026-09-17 16:43:32.615",37999,29699,"provisional"
"prod_82bc7653e01f6c78","Стиральная машина Haier HW60-BP12919A","holodilnik","2026-09-17 15:05:39.002",43999,29199,"provisional"
"prod_82bc7653e01f6c78","Стиральная машина Haier HW60-BP12919A","holodilnik","2026-09-17 15:15:40.498",43999,29199,"provisional"
"prod_82bc7653e01f6c78","Стиральная машина Haier HW60-BP12919A","holodilnik","2026-09-17 15:25:41.623",43999,29199,"provisional"
"prod_82bc7653e01f6c78","Стиральная машина Haier HW60-BP12919A","holodilnik","2026-09-17 16:33:31.807",43999,29199,"provisional"
"prod_82bc7653e01f6c78","Стиральная машина Haier HW60-BP12919A","holodilnik","2026-09-17 16:43:32.613",43999,29199,"provisional"
"prod_837c5d0c20295595","Irresistible Nude Velvet Парфюмерная вода","iledebeaute","2026-09-17 15:06:10.751",13680,9579,"provisional"
"prod_837c5d0c20295595","Irresistible Nude Velvet Парфюмерная вода","iledebeaute","2026-09-17 15:17:12.191",13680,9579,"provisional"
"prod_837c5d0c20295595","Irresistible Nude Velvet Парфюмерная вода","iledebeaute","2026-09-17 15:28:26.986",13680,9579,"provisional"
"prod_837c5d0c20295595","Irresistible Nude Velvet Парфюмерная вода","iledebeaute","2026-09-17 16:37:11.758",13680,9579,"provisional"
"prod_8a96220ea04780da","Lash Power Mascara Тушь для ресниц","iledebeaute","2026-09-17 15:06:23.298",4150,2490,"provisional"
"prod_8a96220ea04780da","Lash Power Mascara Тушь для ресниц","iledebeaute","2026-09-17 15:17:25.305",4150,2490,"provisional"
"prod_8a96220ea04780da","Lash Power Mascara Тушь для ресниц","iledebeaute","2026-09-17 15:28:40.264",4150,2490,"provisional"
"prod_8a96220ea04780da","Lash Power Mascara Тушь для ресниц","iledebeaute","2026-09-17 16:37:21.478",4150,2490,"provisional"
"prod_8bf6bbd403655071","Машина отрезная прямая пневматическая Concorde композитная CD-SG20000C","mvideo","2026-09-17 14:43:17.141",8722,2169,"provisional"
"prod_8bf6bbd403655071","Машина отрезная прямая пневматическая Concorde композитная CD-SG20000C","mvideo","2026-09-17 14:53:23.787",8722,2169,"provisional"
"prod_8bf6bbd403655071","Машина отрезная прямая пневматическая Concorde композитная CD-SG20000C","mvideo","2026-09-17 15:03:26.680",8722,2169,"provisional"
"prod_8bf6bbd403655071","Машина отрезная прямая пневматическая Concorde композитная CD-SG20000C","mvideo","2026-09-17 15:13:29.225",8722,2169,"provisional"
"prod_8bf6bbd403655071","Машина отрезная прямая пневматическая Concorde композитная CD-SG20000C","mvideo","2026-09-17 15:23:32.180",8722,2169,"provisional"
"prod_8bf6bbd403655071","Машина отрезная прямая пневматическая Concorde композитная CD-SG20000C","mvideo","2026-09-17 16:31:23.276",8722,2169,"provisional"
"prod_8bf6bbd403655071","Машина отрезная прямая пневматическая Concorde композитная CD-SG20000C","mvideo","2026-09-17 16:41:24.858",8722,2169,"provisional"
"prod_90aa2d1be4893a8f","Противень для духовки MEFERI BT01 65 л 478 x 365 x 31 , глубокий","mvideo","2026-09-17 14:43:17.129",3205,2399,"provisional"
"prod_90aa2d1be4893a8f","Противень для духовки MEFERI BT01 65 л 478 x 365 x 31 , глубокий","mvideo","2026-09-17 14:53:23.773",3205,2399,"provisional"
"prod_90aa2d1be4893a8f","Противень для духовки MEFERI BT01 65 л 478 x 365 x 31 , глубокий","mvideo","2026-09-17 15:03:26.670",3205,2399,"provisional"
"prod_90aa2d1be4893a8f","Противень для духовки MEFERI BT01 65 л 478 x 365 x 31 , глубокий","mvideo","2026-09-17 15:13:29.212",3205,2399,"provisional"
"prod_90aa2d1be4893a8f","Противень для духовки MEFERI BT01 65 л 478 x 365 x 31 , глубокий","mvideo","2026-09-17 15:23:32.166",3205,2399,"provisional"
"prod_90aa2d1be4893a8f","Противень для духовки MEFERI BT01 65 л 478 x 365 x 31 , глубокий","mvideo","2026-09-17 16:31:23.268",3205,2399,"provisional"
"prod_90aa2d1be4893a8f","Противень для духовки MEFERI BT01 65 л 478 x 365 x 31 , глубокий","mvideo","2026-09-17 16:41:24.851",3205,2399,"provisional"
"prod_9265205e23e5e3e9","HD SKIN ALL IN ONE Многофункциональная палетка для лица","iledebeaute","2026-09-17 15:05:45.596",8950,7607,"provisional"
"prod_9265205e23e5e3e9","HD SKIN ALL IN ONE Многофункциональная палетка для лица","iledebeaute","2026-09-17 15:16:46.218",8950,7607,"provisional"
"prod_9265205e23e5e3e9","HD SKIN ALL IN ONE Многофункциональная палетка для лица","iledebeaute","2026-09-17 15:28:01.770",8950,7607,"provisional"
"prod_9265205e23e5e3e9","HD SKIN ALL IN ONE Многофункциональная палетка для лица","iledebeaute","2026-09-17 16:36:49.552",8950,7607,"provisional"
"prod_937bca8189695718","Гель для душа SOKOLOV Dark Cherry&Almond , 400мл","lenta","2026-09-17 14:44:19.939",273.69,159.99,"provisional"
"prod_937bca8189695718","Гель для душа SOKOLOV Dark Cherry&Almond , 400мл","lenta","2026-09-17 14:55:37.740",273.69,159.99,"provisional"
"prod_937bca8189695718","Гель для душа SOKOLOV Dark Cherry&Almond , 400мл","lenta","2026-09-17 15:06:55.992",273.69,159.99,"provisional"
"prod_937bca8189695718","Гель для душа SOKOLOV Dark Cherry&Almond , 400мл","lenta","2026-09-17 15:18:12.126",273.69,159.99,"provisional"
"prod_937bca8189695718","Гель для душа SOKOLOV Dark Cherry&Almond , 400мл","lenta","2026-09-17 16:38:05.225",273.69,159.99,"provisional"
"prod_948ca9a1e2f772d6","Вербена Новогодний набор","iledebeaute","2026-09-17 15:06:35.877",1698,1018,"provisional"
"prod_948ca9a1e2f772d6","Вербена Новогодний набор","iledebeaute","2026-09-17 15:17:40.204",1698,1018,"provisional"
"prod_948ca9a1e2f772d6","Вербена Новогодний набор","iledebeaute","2026-09-17 15:28:54.602",1698,1018,"provisional"
"prod_948ca9a1e2f772d6","Вербена Новогодний набор","iledebeaute","2026-09-17 16:37:34.289",1698,1018,"provisional"
"prod_9540ca69ed79ba3c","Ходунки для малыша Solmax SM99817","mvideo","2026-09-17 14:43:17.164",7137,4635,"provisional"
"prod_9540ca69ed79ba3c","Ходунки для малыша Solmax SM99817","mvideo","2026-09-17 14:53:23.806",7137,4635,"provisional"
"prod_9540ca69ed79ba3c","Ходунки для малыша Solmax SM99817","mvideo","2026-09-17 15:03:26.691",7137,4635,"provisional"
"prod_9540ca69ed79ba3c","Ходунки для малыша Solmax SM99817","mvideo","2026-09-17 15:13:29.242",7137,4635,"provisional"
"prod_9540ca69ed79ba3c","Ходунки для малыша Solmax SM99817","mvideo","2026-09-17 15:23:32.190",7137,4635,"provisional"
"prod_9540ca69ed79ba3c","Ходунки для малыша Solmax SM99817","mvideo","2026-09-17 16:31:23.283",7137,4635,"provisional"
"prod_9540ca69ed79ba3c","Ходунки для малыша Solmax SM99817","mvideo","2026-09-17 16:41:24.865",7137,4635,"provisional"
"prod_9556119bda12f6fb","Стиральная машина Indesit IWSB 5105","holodilnik","2026-09-17 15:05:38.937",26490,24999,"provisional"
"prod_9556119bda12f6fb","Стиральная машина Indesit IWSB 5105","holodilnik","2026-09-17 15:15:40.460",26490,24999,"provisional"
"prod_9556119bda12f6fb","Стиральная машина Indesit IWSB 5105","holodilnik","2026-09-17 15:25:41.596",26490,24999,"provisional"
"prod_9556119bda12f6fb","Стиральная машина Indesit IWSB 5105","holodilnik","2026-09-17 16:33:31.780",26490,24999,"provisional"
"prod_9556119bda12f6fb","Стиральная машина Indesit IWSB 5105","holodilnik","2026-09-17 16:43:32.583",26490,24999,"provisional"
"prod_957e3455206ef383","Преобразователь сигнала с высокого уровня на RCA DL Audio Phoenix Sport High Level to RCA Converter 6ch","mvideo","2026-09-17 14:43:17.136",4470,4076,"provisional"
"prod_957e3455206ef383","Преобразователь сигнала с высокого уровня на RCA DL Audio Phoenix Sport High Level to RCA Converter 6ch","mvideo","2026-09-17 14:53:23.778",4470,4076,"provisional"
"prod_957e3455206ef383","Преобразователь сигнала с высокого уровня на RCA DL Audio Phoenix Sport High Level to RCA Converter 6ch","mvideo","2026-09-17 15:03:26.675",4470,4076,"provisional"
"prod_957e3455206ef383","Преобразователь сигнала с высокого уровня на RCA DL Audio Phoenix Sport High Level to RCA Converter 6ch","mvideo","2026-09-17 15:13:29.218",4470,4076,"provisional"
"prod_957e3455206ef383","Преобразователь сигнала с высокого уровня на RCA DL Audio Phoenix Sport High Level to RCA Converter 6ch","mvideo","2026-09-17 15:23:32.175",4470,4076,"provisional"
"prod_957e3455206ef383","Преобразователь сигнала с высокого уровня на RCA DL Audio Phoenix Sport High Level to RCA Converter 6ch","mvideo","2026-09-17 16:31:23.272",4470,4076,"provisional"
"prod_957e3455206ef383","Преобразователь сигнала с высокого уровня на RCA DL Audio Phoenix Sport High Level to RCA Converter 6ch","mvideo","2026-09-17 16:41:24.854",4470,4076,"provisional"
"prod_9affb241853e49ab","Сыворотка для лица `CELIMAX` с экстрактом нони (питательная) 30 мл","podruzhka","2026-09-17 15:05:41.610",3765,642,"provisional"
"prod_9affb241853e49ab","Сыворотка для лица `CELIMAX` с экстрактом нони (питательная) 30 мл","podruzhka","2026-09-17 15:15:47.450",3765,642,"provisional"
"prod_9affb241853e49ab","Сыворотка для лица `CELIMAX` с экстрактом нони (питательная) 30 мл","podruzhka","2026-09-17 15:25:51.641",3765,642,"provisional"
"prod_9affb241853e49ab","Сыворотка для лица `CELIMAX` с экстрактом нони (питательная) 30 мл","podruzhka","2026-09-17 16:33:44.878",3765,642,"provisional"
"prod_9ba3127f17ea5273","Стиральная машина Candy Smart Pro CSO34 106T1/2-07","holodilnik","2026-09-17 15:05:38.996",30999,23099,"provisional"
"prod_9ba3127f17ea5273","Стиральная машина Candy Smart Pro CSO34 106T1/2-07","holodilnik","2026-09-17 15:15:40.494",30999,23099,"provisional"
"prod_9ba3127f17ea5273","Стиральная машина Candy Smart Pro CSO34 106T1/2-07","holodilnik","2026-09-17 15:25:41.619",30999,23099,"provisional"
"prod_9ba3127f17ea5273","Стиральная машина Candy Smart Pro CSO34 106T1/2-07","holodilnik","2026-09-17 16:33:31.803",30999,23099,"provisional"
"prod_9ba3127f17ea5273","Стиральная машина Candy Smart Pro CSO34 106T1/2-07","holodilnik","2026-09-17 16:43:32.610",30999,23099,"provisional"
"prod_9cc6e469f8f36c55","Стиральная машина LG F2V3GS3W","holodilnik","2026-09-17 15:05:38.972",64890,53783,"provisional"
"prod_9cc6e469f8f36c55","Стиральная машина LG F2V3GS3W","holodilnik","2026-09-17 15:15:40.476",64890,53783,"provisional"
"prod_9cc6e469f8f36c55","Стиральная машина LG F2V3GS3W","holodilnik","2026-09-17 15:25:41.604",64890,53783,"provisional"
"prod_9cc6e469f8f36c55","Стиральная машина LG F2V3GS3W","holodilnik","2026-09-17 16:33:31.787",64890,53783,"provisional"
"prod_9cc6e469f8f36c55","Стиральная машина LG F2V3GS3W","holodilnik","2026-09-17 16:43:32.591",64890,53783,"provisional"
"prod_9f8be59d8f551795","Крем для лица `DR. ALTHEA` 345 RELIEF успокаивающий с ресвератролом 50 мл","podruzhka","2026-09-17 15:05:41.618",3458,2829,"provisional"
"prod_9f8be59d8f551795","Крем для лица `DR. ALTHEA` 345 RELIEF успокаивающий с ресвератролом 50 мл","podruzhka","2026-09-17 15:15:47.454",3458,2829,"provisional"
"prod_9f8be59d8f551795","Крем для лица `DR. ALTHEA` 345 RELIEF успокаивающий с ресвератролом 50 мл","podruzhka","2026-09-17 15:25:51.645",3458,2829,"provisional"
"prod_9f8be59d8f551795","Крем для лица `DR. ALTHEA` 345 RELIEF успокаивающий с ресвератролом 50 мл","podruzhka","2026-09-17 16:33:44.881",3458,2829,"provisional"
"prod_a136c0a7fa50949c","Стиральная машина Indesit BWSA 6109 WWV","holodilnik","2026-09-17 15:05:39.014",30990,30499,"provisional"
"prod_a136c0a7fa50949c","Стиральная машина Indesit BWSA 6109 WWV","holodilnik","2026-09-17 15:15:40.503",30990,30499,"provisional"
"prod_a136c0a7fa50949c","Стиральная машина Indesit BWSA 6109 WWV","holodilnik","2026-09-17 15:25:41.634",30990,30499,"provisional"
"prod_a573c16f414bb51e","Стиральная машина Candy Smart Pro CSO4 107TB1/2-07","holodilnik","2026-09-17 15:05:38.956",32999,28799,"provisional"
"prod_a573c16f414bb51e","Стиральная машина Candy Smart Pro CSO4 107TB1/2-07","holodilnik","2026-09-17 15:15:40.471",32999,28799,"provisional"
"prod_a573c16f414bb51e","Стиральная машина Candy Smart Pro CSO4 107TB1/2-07","holodilnik","2026-09-17 15:25:41.601",32999,28799,"provisional"
"prod_a573c16f414bb51e","Стиральная машина Candy Smart Pro CSO4 107TB1/2-07","holodilnik","2026-09-17 16:33:31.784",32999,28799,"provisional"
"prod_a573c16f414bb51e","Стиральная машина Candy Smart Pro CSO4 107TB1/2-07","holodilnik","2026-09-17 16:43:32.588",32999,28799,"provisional"
"prod_a68ca3d4b6d009a6","Фитобальзам Чистая линия повышающий упругость тела, 200 мл","magnit","2026-09-17 14:43:16.360",309.99,264.99,"provisional"
"prod_a68ca3d4b6d009a6","Фитобальзам Чистая линия повышающий упругость тела, 200 мл","magnit","2026-09-17 14:53:18.569",309.99,264.99,"provisional"
"prod_a68ca3d4b6d009a6","Фитобальзам Чистая линия повышающий упругость тела, 200 мл","magnit","2026-09-17 15:03:19.684",309.99,264.99,"provisional"
"prod_a68ca3d4b6d009a6","Фитобальзам Чистая линия повышающий упругость тела, 200 мл","magnit","2026-09-17 15:13:20.515",309.99,264.99,"provisional"
"prod_a68ca3d4b6d009a6","Фитобальзам Чистая линия повышающий упругость тела, 200 мл","magnit","2026-09-17 15:23:21.442",309.99,264.99,"provisional"
"prod_a68ca3d4b6d009a6","Фитобальзам Чистая линия повышающий упругость тела, 200 мл","magnit","2026-09-17 16:31:12.505",309.99,264.99,"provisional"
"prod_a68ca3d4b6d009a6","Фитобальзам Чистая линия повышающий упругость тела, 200 мл","magnit","2026-09-17 16:41:13.536",309.99,264.99,"provisional"
"prod_a718280b1b4d1084","MK3106 Переходник 1/4 DR (квадрат) — 1/4 HEX (шестигранник) (10шт) MKSS","mvideo","2026-09-17 14:43:17.144",999,901,"provisional"
"prod_a718280b1b4d1084","MK3106 Переходник 1/4 DR (квадрат) — 1/4 HEX (шестигранник) (10шт) MKSS","mvideo","2026-09-17 14:53:23.792",999,901,"provisional"
"prod_a718280b1b4d1084","MK3106 Переходник 1/4 DR (квадрат) — 1/4 HEX (шестигранник) (10шт) MKSS","mvideo","2026-09-17 15:03:26.684",999,901,"provisional"
"prod_a718280b1b4d1084","MK3106 Переходник 1/4 DR (квадрат) — 1/4 HEX (шестигранник) (10шт) MKSS","mvideo","2026-09-17 15:13:29.228",999,901,"provisional"
"prod_a718280b1b4d1084","MK3106 Переходник 1/4 DR (квадрат) — 1/4 HEX (шестигранник) (10шт) MKSS","mvideo","2026-09-17 15:23:32.182",999,901,"provisional"
"prod_a718280b1b4d1084","MK3106 Переходник 1/4 DR (квадрат) — 1/4 HEX (шестигранник) (10шт) MKSS","mvideo","2026-09-17 16:31:23.278",999,901,"provisional"
"prod_a718280b1b4d1084","MK3106 Переходник 1/4 DR (квадрат) — 1/4 HEX (шестигранник) (10шт) MKSS","mvideo","2026-09-17 16:41:24.860",999,901,"provisional"
"prod_ab32afea7ec88242","VELVET DANCE Туалетная вода","iledebeaute","2026-09-17 15:05:56.631",950,760,"provisional"
"prod_ab32afea7ec88242","VELVET DANCE Туалетная вода","iledebeaute","2026-09-17 15:16:56.767",950,760,"provisional"
"prod_ab32afea7ec88242","VELVET DANCE Туалетная вода","iledebeaute","2026-09-17 15:28:13.501",950,760,"provisional"
"prod_ab32afea7ec88242","VELVET DANCE Туалетная вода","iledebeaute","2026-09-17 16:36:59.354",950,760,"provisional"
"prod_ab4d5c21c5a5bedc","Крем для лица `DR. ALTHEA` 147 BARRIER успокаивающий 50 мл","podruzhka","2026-09-17 15:05:41.614",3458,2218,"provisional"
"prod_ab4d5c21c5a5bedc","Крем для лица `DR. ALTHEA` 147 BARRIER успокаивающий 50 мл","podruzhka","2026-09-17 15:15:47.452",3458,2218,"provisional"
"prod_ab4d5c21c5a5bedc","Крем для лица `DR. ALTHEA` 147 BARRIER успокаивающий 50 мл","podruzhka","2026-09-17 15:25:51.643",3458,2218,"provisional"
"prod_ab4d5c21c5a5bedc","Крем для лица `DR. ALTHEA` 147 BARRIER успокаивающий 50 мл","podruzhka","2026-09-17 16:33:44.880",3458,2218,"provisional"
"prod_aba138b9ffa26ebf","Amarancho Гранола без сахара шоколадная с амарантом, 270 гр","mvideo","2026-09-17 14:43:17.167",490,469,"provisional"
"prod_aba138b9ffa26ebf","Amarancho Гранола без сахара шоколадная с амарантом, 270 гр","mvideo","2026-09-17 14:53:23.807",490,469,"provisional"
"prod_aba138b9ffa26ebf","Amarancho Гранола без сахара шоколадная с амарантом, 270 гр","mvideo","2026-09-17 15:03:26.692",490,469,"provisional"
"prod_aba138b9ffa26ebf","Amarancho Гранола без сахара шоколадная с амарантом, 270 гр","mvideo","2026-09-17 15:13:29.245",490,469,"provisional"
"prod_aba138b9ffa26ebf","Amarancho Гранола без сахара шоколадная с амарантом, 270 гр","mvideo","2026-09-17 15:23:32.192",490,469,"provisional"
"prod_aba138b9ffa26ebf","Amarancho Гранола без сахара шоколадная с амарантом, 270 гр","mvideo","2026-09-17 16:31:23.284",490,469,"provisional"
"prod_aba138b9ffa26ebf","Amarancho Гранола без сахара шоколадная с амарантом, 270 гр","mvideo","2026-09-17 16:41:24.866",490,469,"provisional"
"prod_ad82533ff733df92","Vita C Plus Маска для лица тканевая с липосомальным витамином С для сияния кожи и борьбы с пигментацией","iledebeaute","2026-09-17 15:06:16.207",690,441,"provisional"
"prod_ad82533ff733df92","Vita C Plus Маска для лица тканевая с липосомальным витамином С для сияния кожи и борьбы с пигментацией","iledebeaute","2026-09-17 15:17:19.003",690,441,"provisional"
"prod_ad82533ff733df92","Vita C Plus Маска для лица тканевая с липосомальным витамином С для сияния кожи и борьбы с пигментацией","iledebeaute","2026-09-17 15:28:34.953",690,441,"provisional"
"prod_ad82533ff733df92","Vita C Plus Маска для лица тканевая с липосомальным витамином С для сияния кожи и борьбы с пигментацией","iledebeaute","2026-09-17 16:37:16.636",690,441,"provisional"
"prod_af7525fc331e0488","Стиральная машина Gressel UBC301 серый","holodilnik","2026-09-17 15:05:38.998",38230,23299,"provisional"
"prod_af7525fc331e0488","Стиральная машина Gressel UBC301 серый","holodilnik","2026-09-17 15:15:40.496",38230,23299,"provisional"
"prod_af7525fc331e0488","Стиральная машина Gressel UBC301 серый","holodilnik","2026-09-17 15:25:41.620",38230,23299,"provisional"
"prod_af7525fc331e0488","Стиральная машина Gressel UBC301 серый","holodilnik","2026-09-17 16:33:31.805",38230,23299,"provisional"
"prod_af7525fc331e0488","Стиральная машина Gressel UBC301 серый","holodilnik","2026-09-17 16:43:32.611",38230,23299,"provisional"
"prod_b12b5621b7e3f2e3","Шина для мотоциклов CST CM742 140/80 R18 70M (Задняя)","mvideo","2026-09-17 14:43:17.134",5000,3936,"provisional"
"prod_b12b5621b7e3f2e3","Шина для мотоциклов CST CM742 140/80 R18 70M (Задняя)","mvideo","2026-09-17 14:53:23.777",5000,3936,"provisional"
"prod_b12b5621b7e3f2e3","Шина для мотоциклов CST CM742 140/80 R18 70M (Задняя)","mvideo","2026-09-17 15:03:26.674",5000,3936,"provisional"
"prod_b12b5621b7e3f2e3","Шина для мотоциклов CST CM742 140/80 R18 70M (Задняя)","mvideo","2026-09-17 15:13:29.216",5000,3936,"provisional"
"prod_b12b5621b7e3f2e3","Шина для мотоциклов CST CM742 140/80 R18 70M (Задняя)","mvideo","2026-09-17 15:23:32.173",5000,3936,"provisional"
"prod_b12b5621b7e3f2e3","Шина для мотоциклов CST CM742 140/80 R18 70M (Задняя)","mvideo","2026-09-17 16:31:23.270",5000,3936,"provisional"
"prod_b12b5621b7e3f2e3","Шина для мотоциклов CST CM742 140/80 R18 70M (Задняя)","mvideo","2026-09-17 16:41:24.854",5000,3936,"provisional"
"prod_b24e820895125a81","Amarancho Амарантовая мука без глютена для выпечки, 400 гр","mvideo","2026-09-17 14:43:17.170",350,335,"provisional"
"prod_b24e820895125a81","Amarancho Амарантовая мука без глютена для выпечки, 400 гр","mvideo","2026-09-17 14:53:23.809",350,335,"provisional"
"prod_b24e820895125a81","Amarancho Амарантовая мука без глютена для выпечки, 400 гр","mvideo","2026-09-17 15:03:26.694",350,335,"provisional"
"prod_b24e820895125a81","Amarancho Амарантовая мука без глютена для выпечки, 400 гр","mvideo","2026-09-17 15:13:29.248",350,335,"provisional"
"prod_b24e820895125a81","Amarancho Амарантовая мука без глютена для выпечки, 400 гр","mvideo","2026-09-17 15:23:32.194",350,335,"provisional"
"prod_b24e820895125a81","Amarancho Амарантовая мука без глютена для выпечки, 400 гр","mvideo","2026-09-17 16:31:23.285",350,335,"provisional"
"prod_b24e820895125a81","Amarancho Амарантовая мука без глютена для выпечки, 400 гр","mvideo","2026-09-17 16:41:24.867",350,335,"provisional"
"prod_b3d62f832d62098d","Скраб для тела Черный жемчуг Идеальная кожа, 200 мл","magnit","2026-09-17 14:43:16.363",529.99,389.99,"provisional"
"prod_b3d62f832d62098d","Скраб для тела Черный жемчуг Идеальная кожа, 200 мл","magnit","2026-09-17 14:53:18.571",529.99,389.99,"provisional"
"prod_b3d62f832d62098d","Скраб для тела Черный жемчуг Идеальная кожа, 200 мл","magnit","2026-09-17 15:03:19.686",529.99,389.99,"provisional"
